ISO-10303-21;
HEADER;
/****************************************************************
 * Generated by software with PDElib inside                    *
 * PDElib Version v51a, created Fri 09/10/2010                  *
 * ITI Transcendata (http://www.transcendata.com/)              *
 ****************************************************************/
FILE_DESCRIPTION((' '),'2;1');
FILE_NAME('P:\\E-Switch Secure\\3D_MODELS_STP_FORMAT\\200MSPxT2B4M2xE.stp','2017-08-02T10:52:23',(' '),(' '),' ','ACIS',' ');
FILE_SCHEMA(('CONFIG_CONTROL_DESIGN'));
ENDSEC;
DATA;
#5=APPLICATION_CONTEXT('configuration controlled 3D designs of mechanical parts and assemblies');
#6=APPLICATION_PROTOCOL_DEFINITION('International Standard','config_control_design',1995,#5);
#7=MECHANICAL_CONTEXT('None',#5,'mechanical');
#8=PRODUCT('P:\\E-Switch Secure\\3D_MODELS_STP_FORMAT\\200MSPxT2B4M2xE.stp','P:\\E-Switch Secure\\3D_MODELS_STP_FORMAT\\200MSPxT2B4M2xE.stp','None',(#7));
#9=PRODUCT_RELATED_PRODUCT_CATEGORY('detail',$,(#8));
#10=PRODUCT_CATEGORY('part',$);
#11=PRODUCT_CATEGORY_RELATIONSHIP('None','None',#10,#9);
#12=PERSON('PERSON1','None','None',$,$,$);
#13=ORGANIZATION('','None','None');
#14=PERSON_AND_ORGANIZATION(#12,#13);
#15=PERSON_AND_ORGANIZATION_ROLE('design_owner');
#16=CC_DESIGN_PERSON_AND_ORGANIZATION_ASSIGNMENT(#14,#15,(#8));
#17=PRODUCT_DEFINITION_FORMATION_WITH_SPECIFIED_SOURCE('None','None',#8,.NOT_KNOWN.);
#18=PERSON('PERSON2','None','None',$,$,$);
#19=ORGANIZATION('','None','None');
#20=PERSON_AND_ORGANIZATION(#18,#19);
#21=PERSON_AND_ORGANIZATION_ROLE('creator');
#22=CC_DESIGN_PERSON_AND_ORGANIZATION_ASSIGNMENT(#20,#21,(#17));
#23=PERSON('PERSON3','None','None',$,$,$);
#24=ORGANIZATION('','None','None');
#25=PERSON_AND_ORGANIZATION(#23,#24);
#26=PERSON_AND_ORGANIZATION_ROLE('part_supplier');
#27=CC_DESIGN_PERSON_AND_ORGANIZATION_ASSIGNMENT(#25,#26,(#17));
#28=APPROVAL_STATUS('approved');
#29=APPROVAL(#28,'None');
#30=PERSON('PERSON4','None','None',$,$,$);
#31=ORGANIZATION('','None','None');
#32=PERSON_AND_ORGANIZATION(#30,#31);
#33=APPROVAL_ROLE('None');
#34=APPROVAL_PERSON_ORGANIZATION(#32,#29,#33);
#35=CALENDAR_DATE(2017,2,8);
#36=COORDINATED_UNIVERSAL_TIME_OFFSET(0,0,.AHEAD.);
#37=LOCAL_TIME(10,52,23.0,#36);
#38=DATE_AND_TIME(#35,#37);
#39=APPROVAL_DATE_TIME(#38,#29);
#40=CC_DESIGN_APPROVAL(#29,(#17));
#41=SECURITY_CLASSIFICATION_LEVEL('unclassified');
#42=SECURITY_CLASSIFICATION('None','None',#41);
#43=CC_DESIGN_SECURITY_CLASSIFICATION(#42,(#17));
#44=APPROVAL_STATUS('approved');
#45=APPROVAL(#44,'None');
#46=PERSON('PERSON5','None','None',$,$,$);
#47=ORGANIZATION('','None','None');
#48=PERSON_AND_ORGANIZATION(#46,#47);
#49=APPROVAL_ROLE('None');
#50=APPROVAL_PERSON_ORGANIZATION(#48,#45,#49);
#51=CALENDAR_DATE(2017,2,8);
#52=COORDINATED_UNIVERSAL_TIME_OFFSET(0,0,.AHEAD.);
#53=LOCAL_TIME(10,52,23.0,#52);
#54=DATE_AND_TIME(#51,#53);
#55=APPROVAL_DATE_TIME(#54,#45);
#56=CC_DESIGN_APPROVAL(#45,(#42));
#57=PERSON('PERSON6','None','None',$,$,$);
#58=ORGANIZATION('','None','None');
#59=PERSON_AND_ORGANIZATION(#57,#58);
#60=PERSON_AND_ORGANIZATION_ROLE('classification_officer');
#61=CC_DESIGN_PERSON_AND_ORGANIZATION_ASSIGNMENT(#59,#60,(#42));
#62=DATE_TIME_ROLE('classification_date');
#63=CALENDAR_DATE(2017,2,8);
#64=COORDINATED_UNIVERSAL_TIME_OFFSET(0,0,.AHEAD.);
#65=LOCAL_TIME(10,52,23.0,#64);
#66=DATE_AND_TIME(#63,#65);
#67=CC_DESIGN_DATE_AND_TIME_ASSIGNMENT(#66,#62,(#42));
#68=DESIGN_CONTEXT('part definition',#5,'design');
#69=PRODUCT_DEFINITION('None','None',#17,#68);
#70=PERSON('PERSON7','None','None',$,$,$);
#71=ORGANIZATION('','None','None');
#72=PERSON_AND_ORGANIZATION(#70,#71);
#73=PERSON_AND_ORGANIZATION_ROLE('creator');
#74=CC_DESIGN_PERSON_AND_ORGANIZATION_ASSIGNMENT(#72,#73,(#69));
#75=DATE_TIME_ROLE('creation_date');
#76=CALENDAR_DATE(2017,2,8);
#77=COORDINATED_UNIVERSAL_TIME_OFFSET(0,0,.AHEAD.);
#78=LOCAL_TIME(10,52,23.0,#77);
#79=DATE_AND_TIME(#76,#78);
#80=CC_DESIGN_DATE_AND_TIME_ASSIGNMENT(#79,#75,(#69));
#81=APPROVAL_STATUS('approved');
#82=APPROVAL(#81,'None');
#83=PERSON('PERSON8','None','None',$,$,$);
#84=ORGANIZATION('','None','None');
#85=PERSON_AND_ORGANIZATION(#83,#84);
#86=APPROVAL_ROLE('None');
#87=APPROVAL_PERSON_ORGANIZATION(#85,#82,#86);
#88=CALENDAR_DATE(2017,2,8);
#89=COORDINATED_UNIVERSAL_TIME_OFFSET(0,0,.AHEAD.);
#90=LOCAL_TIME(10,52,23.0,#89);
#91=DATE_AND_TIME(#88,#90);
#92=APPROVAL_DATE_TIME(#91,#82);
#93=CC_DESIGN_APPROVAL(#82,(#69));
#99=(NAMED_UNIT(*)PLANE_ANGLE_UNIT()SI_UNIT($,.RADIAN.));
#100=DIMENSIONAL_EXPONENTS(0.0,0.0,0.0,0.0,0.0,0.0,0.0);
#101=PLANE_ANGLE_MEASURE_WITH_UNIT(PLANE_ANGLE_MEASURE(0.0174532925),#99);
#105=(CONVERSION_BASED_UNIT('DEGREE',#101)NAMED_UNIT(#100)PLANE_ANGLE_UNIT());
#109=(NAMED_UNIT(*)SI_UNIT($,.STERADIAN.)SOLID_ANGLE_UNIT());
#113=(LENGTH_UNIT()NAMED_UNIT(*)SI_UNIT(.CENTI.,.METRE.));
#114=DIMENSIONAL_EXPONENTS(1.0,0.0,0.0,0.0,0.0,0.0,0.0);
#115=LENGTH_MEASURE_WITH_UNIT(LENGTH_MEASURE(2.54),#113);
#119=(CONVERSION_BASED_UNIT('INCH',#115)LENGTH_UNIT()NAMED_UNIT(#114));
#121=UNCERTAINTY_MEASURE_WITH_UNIT(LENGTH_MEASURE(0.001),#119,'DISTANCE_ACCURACY_VALUE','');
#123=(GEOMETRIC_REPRESENTATION_CONTEXT(3)GLOBAL_UNCERTAINTY_ASSIGNED_CONTEXT((#121))GLOBAL_UNIT_ASSIGNED_CONTEXT((#105,#109,#119))REPRESENTATION_CONTEXT('None','None'));
#124=AXIS2_PLACEMENT_3D('',#125,#126,#127);
#125=CARTESIAN_POINT('',(0.0,0.0,0.0));
#126=DIRECTION('',(0.0,0.0,1.0));
#127=DIRECTION('',(1.0,0.0,0.0));
#128=SHAPE_REPRESENTATION('',(#124),#123);
#129=PRODUCT_DEFINITION_SHAPE('','',#69);
#130=SHAPE_DEFINITION_REPRESENTATION(#129,#128);
#136=(NAMED_UNIT(*)PLANE_ANGLE_UNIT()SI_UNIT($,.RADIAN.));
#137=DIMENSIONAL_EXPONENTS(0.0,0.0,0.0,0.0,0.0,0.0,0.0);
#138=PLANE_ANGLE_MEASURE_WITH_UNIT(PLANE_ANGLE_MEASURE(0.0174532925),#136);
#142=(CONVERSION_BASED_UNIT('DEGREE',#138)NAMED_UNIT(#137)PLANE_ANGLE_UNIT());
#146=(NAMED_UNIT(*)SI_UNIT($,.STERADIAN.)SOLID_ANGLE_UNIT());
#150=(LENGTH_UNIT()NAMED_UNIT(*)SI_UNIT(.CENTI.,.METRE.));
#152=UNCERTAINTY_MEASURE_WITH_UNIT(LENGTH_MEASURE(0.000001),#150,'DISTANCE_ACCURACY_VALUE','');
#154=(GEOMETRIC_REPRESENTATION_CONTEXT(3)GLOBAL_UNCERTAINTY_ASSIGNED_CONTEXT((#152))GLOBAL_UNIT_ASSIGNED_CONTEXT((#142,#146,#150))REPRESENTATION_CONTEXT('','3D'));
#155=CARTESIAN_POINT('',(-0.088956692913386,-0.01496062992126,-0.157775590551181));
#156=DIRECTION('',(0.0,-1.0,0.0));
#157=DIRECTION('',(0.0,0.0,-1.0));
#158=AXIS2_PLACEMENT_3D('',#155,#156,#157);
#159=PLANE('',#158);
#160=CARTESIAN_POINT('',(-0.11003937007874,-0.01496062992126,-0.02755905511811));
#161=VERTEX_POINT('',#160);
#162=CARTESIAN_POINT('',(-0.11003937007874,-0.01496062992126,-0.151574803149606));
#163=VERTEX_POINT('',#162);
#164=CARTESIAN_POINT('',(-0.11003937007874,-0.01496062992126,-0.02755905511811));
#165=DIRECTION('',(0.0,0.0,-1.0));
#166=VECTOR('',#165,0.124015748031496);
#167=LINE('',#164,#166);
#168=EDGE_CURVE('',#161,#163,#167,.T.);
#169=ORIENTED_EDGE('',*,*,#168,.T.);
#170=CARTESIAN_POINT('',(-0.08996062992126,-0.01496062992126,-0.151574803149606));
#171=VERTEX_POINT('',#170);
#172=CARTESIAN_POINT('',(-0.08996062992126,-0.01496062992126,-0.151574803149606));
#173=DIRECTION('',(-1.0,0.0,0.0));
#174=VECTOR('',#173,0.02007874015748);
#175=LINE('',#172,#174);
#176=EDGE_CURVE('',#171,#163,#175,.T.);
#177=ORIENTED_EDGE('',*,*,#176,.F.);
#178=CARTESIAN_POINT('',(-0.08996062992126,-0.01496062992126,-0.02755905511811));
#179=VERTEX_POINT('',#178);
#180=CARTESIAN_POINT('',(-0.08996062992126,-0.01496062992126,-0.02755905511811));
#181=DIRECTION('',(0.0,0.0,-1.0));
#182=VECTOR('',#181,0.124015748031496);
#183=LINE('',#180,#182);
#184=EDGE_CURVE('',#179,#171,#183,.T.);
#185=ORIENTED_EDGE('',*,*,#184,.F.);
#186=CARTESIAN_POINT('',(-0.11003937007874,-0.01496062992126,-0.02755905511811));
#187=DIRECTION('',(1.0,0.0,0.0));
#188=VECTOR('',#187,0.02007874015748);
#189=LINE('',#186,#188);
#190=EDGE_CURVE('',#161,#179,#189,.T.);
#191=ORIENTED_EDGE('',*,*,#190,.F.);
#192=EDGE_LOOP('',(#169,#177,#185,#191));
#193=FACE_OUTER_BOUND('',#192,.T.);
#194=ADVANCED_FACE('',(#193),#159,.T.);
#195=CARTESIAN_POINT('',(-0.088956692913386,-0.005118110236221,-0.151574803149606));
#196=DIRECTION('',(-1.0,0.0,0.0));
#197=DIRECTION('',(0.0,0.707106781186547,0.707106781186548));
#198=AXIS2_PLACEMENT_3D('',#195,#196,#197);
#199=CYLINDRICAL_SURFACE('',#198,0.009842519685039);
#200=CARTESIAN_POINT('',(-0.11003937007874,-0.005118110236221,-0.161417322834646));
#201=VERTEX_POINT('',#200);
#202=CARTESIAN_POINT('',(-0.11003937007874,-0.005118110236221,-0.151574803149606));
#203=DIRECTION('',(1.0,0.0,0.0));
#204=DIRECTION('',(0.0,-1.0,0.0));
#205=AXIS2_PLACEMENT_3D('',#202,#203,#204);
#206=CIRCLE('',#205,0.009842519685039);
#207=EDGE_CURVE('',#163,#201,#206,.T.);
#208=ORIENTED_EDGE('',*,*,#207,.T.);
#209=CARTESIAN_POINT('',(-0.08996062992126,-0.005118110236221,-0.161417322834646));
#210=VERTEX_POINT('',#209);
#211=CARTESIAN_POINT('',(-0.08996062992126,-0.005118110236221,-0.161417322834646));
#212=DIRECTION('',(-1.0,0.0,0.0));
#213=VECTOR('',#212,0.02007874015748);
#214=LINE('',#211,#213);
#215=EDGE_CURVE('',#210,#201,#214,.T.);
#216=ORIENTED_EDGE('',*,*,#215,.F.);
#217=CARTESIAN_POINT('',(-0.08996062992126,-0.005118110236221,-0.151574803149606));
#218=DIRECTION('',(1.0,0.0,0.0));
#219=DIRECTION('',(0.0,-1.0,0.0));
#220=AXIS2_PLACEMENT_3D('',#217,#218,#219);
#221=CIRCLE('',#220,0.009842519685039);
#222=EDGE_CURVE('',#171,#210,#221,.T.);
#223=ORIENTED_EDGE('',*,*,#222,.F.);
#224=ORIENTED_EDGE('',*,*,#176,.T.);
#225=EDGE_LOOP('',(#208,#216,#223,#224));
#226=FACE_OUTER_BOUND('',#225,.T.);
#227=ADVANCED_FACE('',(#226),#199,.T.);
#228=CARTESIAN_POINT('',(-0.111043307086614,0.005629921259842,-0.161417322834646));
#229=DIRECTION('',(0.0,0.0,-1.0));
#230=DIRECTION('',(-1.0,0.0,0.0));
#231=AXIS2_PLACEMENT_3D('',#228,#229,#230);
#232=PLANE('',#231);
#233=CARTESIAN_POINT('',(-0.11003937007874,0.00511811023622,-0.161417322834646));
#234=VERTEX_POINT('',#233);
#235=CARTESIAN_POINT('',(-0.11003937007874,-0.005118110236221,-0.161417322834646));
#236=DIRECTION('',(0.0,1.0,0.0));
#237=VECTOR('',#236,0.010236220472441);
#238=LINE('',#235,#237);
#239=EDGE_CURVE('',#201,#234,#238,.T.);
#240=ORIENTED_EDGE('',*,*,#239,.T.);
#241=CARTESIAN_POINT('',(-0.08996062992126,0.00511811023622,-0.161417322834646));
#242=VERTEX_POINT('',#241);
#243=CARTESIAN_POINT('',(-0.08996062992126,0.00511811023622,-0.161417322834646));
#244=DIRECTION('',(-1.0,0.0,0.0));
#245=VECTOR('',#244,0.02007874015748);
#246=LINE('',#243,#245);
#247=EDGE_CURVE('',#242,#234,#246,.T.);
#248=ORIENTED_EDGE('',*,*,#247,.F.);
#249=CARTESIAN_POINT('',(-0.08996062992126,-0.005118110236221,-0.161417322834646));
#250=DIRECTION('',(0.0,1.0,0.0));
#251=VECTOR('',#250,0.010236220472441);
#252=LINE('',#249,#251);
#253=EDGE_CURVE('',#210,#242,#252,.T.);
#254=ORIENTED_EDGE('',*,*,#253,.F.);
#255=ORIENTED_EDGE('',*,*,#215,.T.);
#256=EDGE_LOOP('',(#240,#248,#254,#255));
#257=FACE_OUTER_BOUND('',#256,.T.);
#258=ADVANCED_FACE('',(#257),#232,.T.);
#259=CARTESIAN_POINT('',(-0.088956692913386,0.00511811023622,-0.151574803149606));
#260=DIRECTION('',(-1.0,0.0,0.0));
#261=DIRECTION('',(0.0,-0.707106781186548,0.707106781186547));
#262=AXIS2_PLACEMENT_3D('',#259,#260,#261);
#263=CYLINDRICAL_SURFACE('',#262,0.009842519685039);
#264=CARTESIAN_POINT('',(-0.11003937007874,0.01496062992126,-0.151574803149606));
#265=VERTEX_POINT('',#264);
#266=CARTESIAN_POINT('',(-0.11003937007874,0.00511811023622,-0.151574803149606));
#267=DIRECTION('',(1.0,0.0,0.0));
#268=DIRECTION('',(0.0,0.0,-1.0));
#269=AXIS2_PLACEMENT_3D('',#266,#267,#268);
#270=CIRCLE('',#269,0.009842519685039);
#271=EDGE_CURVE('',#234,#265,#270,.T.);
#272=ORIENTED_EDGE('',*,*,#271,.T.);
#273=CARTESIAN_POINT('',(-0.08996062992126,0.01496062992126,-0.151574803149606));
#274=VERTEX_POINT('',#273);
#275=CARTESIAN_POINT('',(-0.08996062992126,0.01496062992126,-0.151574803149606));
#276=DIRECTION('',(-1.0,0.0,0.0));
#277=VECTOR('',#276,0.02007874015748);
#278=LINE('',#275,#277);
#279=EDGE_CURVE('',#274,#265,#278,.T.);
#280=ORIENTED_EDGE('',*,*,#279,.F.);
#281=CARTESIAN_POINT('',(-0.08996062992126,0.00511811023622,-0.151574803149606));
#282=DIRECTION('',(1.0,0.0,0.0));
#283=DIRECTION('',(0.0,0.0,-1.0));
#284=AXIS2_PLACEMENT_3D('',#281,#282,#283);
#285=CIRCLE('',#284,0.009842519685039);
#286=EDGE_CURVE('',#242,#274,#285,.T.);
#287=ORIENTED_EDGE('',*,*,#286,.F.);
#288=ORIENTED_EDGE('',*,*,#247,.T.);
#289=EDGE_LOOP('',(#272,#280,#287,#288));
#290=FACE_OUTER_BOUND('',#289,.T.);
#291=ADVANCED_FACE('',(#290),#263,.T.);
#292=CARTESIAN_POINT('',(-0.088956692913386,0.01496062992126,-0.021358267716535));
#293=DIRECTION('',(0.0,1.0,0.0));
#294=DIRECTION('',(0.0,0.0,1.0));
#295=AXIS2_PLACEMENT_3D('',#292,#293,#294);
#296=PLANE('',#295);
#297=CARTESIAN_POINT('',(-0.11003937007874,0.01496062992126,-0.02755905511811));
#298=VERTEX_POINT('',#297);
#299=CARTESIAN_POINT('',(-0.11003937007874,0.01496062992126,-0.151574803149606));
#300=DIRECTION('',(0.0,0.0,1.0));
#301=VECTOR('',#300,0.124015748031496);
#302=LINE('',#299,#301);
#303=EDGE_CURVE('',#265,#298,#302,.T.);
#304=ORIENTED_EDGE('',*,*,#303,.T.);
#305=CARTESIAN_POINT('',(-0.08996062992126,0.01496062992126,-0.02755905511811));
#306=VERTEX_POINT('',#305);
#307=CARTESIAN_POINT('',(-0.08996062992126,0.01496062992126,-0.02755905511811));
#308=DIRECTION('',(-1.0,0.0,0.0));
#309=VECTOR('',#308,0.02007874015748);
#310=LINE('',#307,#309);
#311=EDGE_CURVE('',#306,#298,#310,.T.);
#312=ORIENTED_EDGE('',*,*,#311,.F.);
#313=CARTESIAN_POINT('',(-0.08996062992126,0.01496062992126,-0.151574803149606));
#314=DIRECTION('',(0.0,0.0,1.0));
#315=VECTOR('',#314,0.124015748031496);
#316=LINE('',#313,#315);
#317=EDGE_CURVE('',#274,#306,#316,.T.);
#318=ORIENTED_EDGE('',*,*,#317,.F.);
#319=ORIENTED_EDGE('',*,*,#279,.T.);
#320=EDGE_LOOP('',(#304,#312,#318,#319));
#321=FACE_OUTER_BOUND('',#320,.T.);
#322=ADVANCED_FACE('',(#321),#296,.T.);
#323=CARTESIAN_POINT('',(0.011043307086614,-0.01496062992126,-0.157775590551181));
#324=DIRECTION('',(0.0,-1.0,0.0));
#325=DIRECTION('',(0.0,0.0,-1.0));
#326=AXIS2_PLACEMENT_3D('',#323,#324,#325);
#327=PLANE('',#326);
#328=CARTESIAN_POINT('',(-0.01003937007874,-0.01496062992126,-0.02755905511811));
#329=VERTEX_POINT('',#328);
#330=CARTESIAN_POINT('',(-0.01003937007874,-0.01496062992126,-0.151574803149606));
#331=VERTEX_POINT('',#330);
#332=CARTESIAN_POINT('',(-0.01003937007874,-0.01496062992126,-0.02755905511811));
#333=DIRECTION('',(0.0,0.0,-1.0));
#334=VECTOR('',#333,0.124015748031496);
#335=LINE('',#332,#334);
#336=EDGE_CURVE('',#329,#331,#335,.T.);
#337=ORIENTED_EDGE('',*,*,#336,.T.);
#338=CARTESIAN_POINT('',(0.01003937007874,-0.01496062992126,-0.151574803149606));
#339=VERTEX_POINT('',#338);
#340=CARTESIAN_POINT('',(0.01003937007874,-0.01496062992126,-0.151574803149606));
#341=DIRECTION('',(-1.0,0.0,0.0));
#342=VECTOR('',#341,0.02007874015748);
#343=LINE('',#340,#342);
#344=EDGE_CURVE('',#339,#331,#343,.T.);
#345=ORIENTED_EDGE('',*,*,#344,.F.);
#346=CARTESIAN_POINT('',(0.01003937007874,-0.01496062992126,-0.02755905511811));
#347=VERTEX_POINT('',#346);
#348=CARTESIAN_POINT('',(0.01003937007874,-0.01496062992126,-0.02755905511811));
#349=DIRECTION('',(0.0,0.0,-1.0));
#350=VECTOR('',#349,0.124015748031496);
#351=LINE('',#348,#350);
#352=EDGE_CURVE('',#347,#339,#351,.T.);
#353=ORIENTED_EDGE('',*,*,#352,.F.);
#354=CARTESIAN_POINT('',(-0.01003937007874,-0.01496062992126,-0.02755905511811));
#355=DIRECTION('',(1.0,0.0,0.0));
#356=VECTOR('',#355,0.02007874015748);
#357=LINE('',#354,#356);
#358=EDGE_CURVE('',#329,#347,#357,.T.);
#359=ORIENTED_EDGE('',*,*,#358,.F.);
#360=EDGE_LOOP('',(#337,#345,#353,#359));
#361=FACE_OUTER_BOUND('',#360,.T.);
#362=ADVANCED_FACE('',(#361),#327,.T.);
#363=CARTESIAN_POINT('',(0.011043307086614,-0.005118110236221,-0.151574803149606));
#364=DIRECTION('',(-1.0,0.0,0.0));
#365=DIRECTION('',(0.0,0.707106781186547,0.707106781186548));
#366=AXIS2_PLACEMENT_3D('',#363,#364,#365);
#367=CYLINDRICAL_SURFACE('',#366,0.009842519685039);
#368=CARTESIAN_POINT('',(-0.01003937007874,-0.005118110236221,-0.161417322834646));
#369=VERTEX_POINT('',#368);
#370=CARTESIAN_POINT('',(-0.01003937007874,-0.005118110236221,-0.151574803149606));
#371=DIRECTION('',(1.0,0.0,0.0));
#372=DIRECTION('',(0.0,-1.0,0.0));
#373=AXIS2_PLACEMENT_3D('',#370,#371,#372);
#374=CIRCLE('',#373,0.009842519685039);
#375=EDGE_CURVE('',#331,#369,#374,.T.);
#376=ORIENTED_EDGE('',*,*,#375,.T.);
#377=CARTESIAN_POINT('',(0.01003937007874,-0.00511811023622,-0.161417322834646));
#378=VERTEX_POINT('',#377);
#379=CARTESIAN_POINT('',(0.01003937007874,-0.00511811023622,-0.161417322834646));
#380=DIRECTION('',(-1.0,0.0,0.0));
#381=VECTOR('',#380,0.02007874015748);
#382=LINE('',#379,#381);
#383=EDGE_CURVE('',#378,#369,#382,.T.);
#384=ORIENTED_EDGE('',*,*,#383,.F.);
#385=CARTESIAN_POINT('',(0.01003937007874,-0.005118110236221,-0.151574803149606));
#386=DIRECTION('',(1.0,0.0,0.0));
#387=DIRECTION('',(0.0,-1.0,0.0));
#388=AXIS2_PLACEMENT_3D('',#385,#386,#387);
#389=CIRCLE('',#388,0.009842519685039);
#390=EDGE_CURVE('',#339,#378,#389,.T.);
#391=ORIENTED_EDGE('',*,*,#390,.F.);
#392=ORIENTED_EDGE('',*,*,#344,.T.);
#393=EDGE_LOOP('',(#376,#384,#391,#392));
#394=FACE_OUTER_BOUND('',#393,.T.);
#395=ADVANCED_FACE('',(#394),#367,.T.);
#396=CARTESIAN_POINT('',(-0.011043307086614,0.005629921259842,-0.161417322834646));
#397=DIRECTION('',(0.0,0.0,-1.0));
#398=DIRECTION('',(-1.0,0.0,0.0));
#399=AXIS2_PLACEMENT_3D('',#396,#397,#398);
#400=PLANE('',#399);
#401=CARTESIAN_POINT('',(-0.01003937007874,0.00511811023622,-0.161417322834646));
#402=VERTEX_POINT('',#401);
#403=CARTESIAN_POINT('',(-0.01003937007874,-0.005118110236221,-0.161417322834646));
#404=DIRECTION('',(0.0,1.0,0.0));
#405=VECTOR('',#404,0.010236220472441);
#406=LINE('',#403,#405);
#407=EDGE_CURVE('',#369,#402,#406,.T.);
#408=ORIENTED_EDGE('',*,*,#407,.T.);
#409=CARTESIAN_POINT('',(0.01003937007874,0.00511811023622,-0.161417322834646));
#410=VERTEX_POINT('',#409);
#411=CARTESIAN_POINT('',(0.01003937007874,0.00511811023622,-0.161417322834646));
#412=DIRECTION('',(-1.0,0.0,0.0));
#413=VECTOR('',#412,0.02007874015748);
#414=LINE('',#411,#413);
#415=EDGE_CURVE('',#410,#402,#414,.T.);
#416=ORIENTED_EDGE('',*,*,#415,.F.);
#417=CARTESIAN_POINT('',(0.01003937007874,-0.00511811023622,-0.161417322834646));
#418=DIRECTION('',(0.0,1.0,0.0));
#419=VECTOR('',#418,0.01023622047244);
#420=LINE('',#417,#419);
#421=EDGE_CURVE('',#378,#410,#420,.T.);
#422=ORIENTED_EDGE('',*,*,#421,.F.);
#423=ORIENTED_EDGE('',*,*,#383,.T.);
#424=EDGE_LOOP('',(#408,#416,#422,#423));
#425=FACE_OUTER_BOUND('',#424,.T.);
#426=ADVANCED_FACE('',(#425),#400,.T.);
#427=CARTESIAN_POINT('',(0.011043307086614,0.00511811023622,-0.151574803149606));
#428=DIRECTION('',(-1.0,0.0,0.0));
#429=DIRECTION('',(0.0,-0.707106781186548,0.707106781186547));
#430=AXIS2_PLACEMENT_3D('',#427,#428,#429);
#431=CYLINDRICAL_SURFACE('',#430,0.009842519685039);
#432=CARTESIAN_POINT('',(-0.01003937007874,0.01496062992126,-0.151574803149606));
#433=VERTEX_POINT('',#432);
#434=CARTESIAN_POINT('',(-0.01003937007874,0.00511811023622,-0.151574803149606));
#435=DIRECTION('',(1.0,0.0,0.0));
#436=DIRECTION('',(0.0,0.0,-1.0));
#437=AXIS2_PLACEMENT_3D('',#434,#435,#436);
#438=CIRCLE('',#437,0.009842519685039);
#439=EDGE_CURVE('',#402,#433,#438,.T.);
#440=ORIENTED_EDGE('',*,*,#439,.T.);
#441=CARTESIAN_POINT('',(0.01003937007874,0.01496062992126,-0.151574803149606));
#442=VERTEX_POINT('',#441);
#443=CARTESIAN_POINT('',(0.01003937007874,0.01496062992126,-0.151574803149606));
#444=DIRECTION('',(-1.0,0.0,0.0));
#445=VECTOR('',#444,0.02007874015748);
#446=LINE('',#443,#445);
#447=EDGE_CURVE('',#442,#433,#446,.T.);
#448=ORIENTED_EDGE('',*,*,#447,.F.);
#449=CARTESIAN_POINT('',(0.01003937007874,0.00511811023622,-0.151574803149606));
#450=DIRECTION('',(1.0,0.0,0.0));
#451=DIRECTION('',(0.0,0.0,-1.0));
#452=AXIS2_PLACEMENT_3D('',#449,#450,#451);
#453=CIRCLE('',#452,0.009842519685039);
#454=EDGE_CURVE('',#410,#442,#453,.T.);
#455=ORIENTED_EDGE('',*,*,#454,.F.);
#456=ORIENTED_EDGE('',*,*,#415,.T.);
#457=EDGE_LOOP('',(#440,#448,#455,#456));
#458=FACE_OUTER_BOUND('',#457,.T.);
#459=ADVANCED_FACE('',(#458),#431,.T.);
#460=CARTESIAN_POINT('',(0.011043307086614,0.01496062992126,-0.021358267716535));
#461=DIRECTION('',(0.0,1.0,0.0));
#462=DIRECTION('',(0.0,0.0,1.0));
#463=AXIS2_PLACEMENT_3D('',#460,#461,#462);
#464=PLANE('',#463);
#465=CARTESIAN_POINT('',(-0.01003937007874,0.01496062992126,-0.02755905511811));
#466=VERTEX_POINT('',#465);
#467=CARTESIAN_POINT('',(-0.01003937007874,0.01496062992126,-0.151574803149606));
#468=DIRECTION('',(0.0,0.0,1.0));
#469=VECTOR('',#468,0.124015748031496);
#470=LINE('',#467,#469);
#471=EDGE_CURVE('',#433,#466,#470,.T.);
#472=ORIENTED_EDGE('',*,*,#471,.T.);
#473=CARTESIAN_POINT('',(0.01003937007874,0.01496062992126,-0.02755905511811));
#474=VERTEX_POINT('',#473);
#475=CARTESIAN_POINT('',(0.01003937007874,0.01496062992126,-0.02755905511811));
#476=DIRECTION('',(-1.0,0.0,0.0));
#477=VECTOR('',#476,0.02007874015748);
#478=LINE('',#475,#477);
#479=EDGE_CURVE('',#474,#466,#478,.T.);
#480=ORIENTED_EDGE('',*,*,#479,.F.);
#481=CARTESIAN_POINT('',(0.01003937007874,0.01496062992126,-0.151574803149606));
#482=DIRECTION('',(0.0,0.0,1.0));
#483=VECTOR('',#482,0.124015748031496);
#484=LINE('',#481,#483);
#485=EDGE_CURVE('',#442,#474,#484,.T.);
#486=ORIENTED_EDGE('',*,*,#485,.F.);
#487=ORIENTED_EDGE('',*,*,#447,.T.);
#488=EDGE_LOOP('',(#472,#480,#486,#487));
#489=FACE_OUTER_BOUND('',#488,.T.);
#490=ADVANCED_FACE('',(#489),#464,.T.);
#491=CARTESIAN_POINT('',(-0.088956692913386,0.030669291338583,-0.02755905511811));
#492=DIRECTION('',(0.0,0.0,1.0));
#493=DIRECTION('',(1.0,0.0,0.0));
#494=AXIS2_PLACEMENT_3D('',#491,#492,#493);
#495=PLANE('',#494);
#496=ORIENTED_EDGE('',*,*,#311,.T.);
#497=CARTESIAN_POINT('',(-0.11003937007874,0.02992125984252,-0.02755905511811));
#498=VERTEX_POINT('',#497);
#499=CARTESIAN_POINT('',(-0.11003937007874,0.02992125984252,-0.02755905511811));
#500=DIRECTION('',(0.0,-1.0,0.0));
#501=VECTOR('',#500,0.01496062992126);
#502=LINE('',#499,#501);
#503=EDGE_CURVE('',#498,#298,#502,.T.);
#504=ORIENTED_EDGE('',*,*,#503,.F.);
#505=CARTESIAN_POINT('',(-0.08996062992126,0.02992125984252,-0.02755905511811));
#506=VERTEX_POINT('',#505);
#507=CARTESIAN_POINT('',(-0.08996062992126,0.02992125984252,-0.02755905511811));
#508=DIRECTION('',(-1.0,0.0,0.0));
#509=VECTOR('',#508,0.02007874015748);
#510=LINE('',#507,#509);
#511=EDGE_CURVE('',#506,#498,#510,.T.);
#512=ORIENTED_EDGE('',*,*,#511,.F.);
#513=CARTESIAN_POINT('',(-0.08996062992126,0.01496062992126,-0.02755905511811));
#514=DIRECTION('',(0.0,1.0,0.0));
#515=VECTOR('',#514,0.01496062992126);
#516=LINE('',#513,#515);
#517=EDGE_CURVE('',#306,#506,#516,.T.);
#518=ORIENTED_EDGE('',*,*,#517,.F.);
#519=EDGE_LOOP('',(#496,#504,#512,#518));
#520=FACE_OUTER_BOUND('',#519,.T.);
#521=ADVANCED_FACE('',(#520),#495,.F.);
#522=CARTESIAN_POINT('',(-0.088956692913386,-0.014212598425197,-0.02755905511811));
#523=DIRECTION('',(0.0,0.0,1.0));
#524=DIRECTION('',(1.0,0.0,0.0));
#525=AXIS2_PLACEMENT_3D('',#522,#523,#524);
#526=PLANE('',#525);
#527=ORIENTED_EDGE('',*,*,#190,.T.);
#528=CARTESIAN_POINT('',(-0.08996062992126,-0.02992125984252,-0.02755905511811));
#529=VERTEX_POINT('',#528);
#530=CARTESIAN_POINT('',(-0.08996062992126,-0.02992125984252,-0.02755905511811));
#531=DIRECTION('',(0.0,1.0,0.0));
#532=VECTOR('',#531,0.01496062992126);
#533=LINE('',#530,#532);
#534=EDGE_CURVE('',#529,#179,#533,.T.);
#535=ORIENTED_EDGE('',*,*,#534,.F.);
#536=CARTESIAN_POINT('',(-0.11003937007874,-0.02992125984252,-0.02755905511811));
#537=VERTEX_POINT('',#536);
#538=CARTESIAN_POINT('',(-0.11003937007874,-0.02992125984252,-0.02755905511811));
#539=DIRECTION('',(1.0,0.0,0.0));
#540=VECTOR('',#539,0.02007874015748);
#541=LINE('',#538,#540);
#542=EDGE_CURVE('',#537,#529,#541,.T.);
#543=ORIENTED_EDGE('',*,*,#542,.F.);
#544=CARTESIAN_POINT('',(-0.11003937007874,-0.01496062992126,-0.02755905511811));
#545=DIRECTION('',(0.0,-1.0,0.0));
#546=VECTOR('',#545,0.01496062992126);
#547=LINE('',#544,#546);
#548=EDGE_CURVE('',#161,#537,#547,.T.);
#549=ORIENTED_EDGE('',*,*,#548,.F.);
#550=EDGE_LOOP('',(#527,#535,#543,#549));
#551=FACE_OUTER_BOUND('',#550,.T.);
#552=ADVANCED_FACE('',(#551),#526,.F.);
#553=CARTESIAN_POINT('',(0.011043307086614,0.030669291338583,-0.02755905511811));
#554=DIRECTION('',(0.0,0.0,1.0));
#555=DIRECTION('',(1.0,0.0,0.0));
#556=AXIS2_PLACEMENT_3D('',#553,#554,#555);
#557=PLANE('',#556);
#558=ORIENTED_EDGE('',*,*,#479,.T.);
#559=CARTESIAN_POINT('',(-0.01003937007874,0.02992125984252,-0.02755905511811));
#560=VERTEX_POINT('',#559);
#561=CARTESIAN_POINT('',(-0.01003937007874,0.02992125984252,-0.02755905511811));
#562=DIRECTION('',(0.0,-1.0,0.0));
#563=VECTOR('',#562,0.01496062992126);
#564=LINE('',#561,#563);
#565=EDGE_CURVE('',#560,#466,#564,.T.);
#566=ORIENTED_EDGE('',*,*,#565,.F.);
#567=CARTESIAN_POINT('',(0.01003937007874,0.02992125984252,-0.02755905511811));
#568=VERTEX_POINT('',#567);
#569=CARTESIAN_POINT('',(0.01003937007874,0.02992125984252,-0.02755905511811));
#570=DIRECTION('',(-1.0,0.0,0.0));
#571=VECTOR('',#570,0.02007874015748);
#572=LINE('',#569,#571);
#573=EDGE_CURVE('',#568,#560,#572,.T.);
#574=ORIENTED_EDGE('',*,*,#573,.F.);
#575=CARTESIAN_POINT('',(0.01003937007874,0.01496062992126,-0.02755905511811));
#576=DIRECTION('',(0.0,1.0,0.0));
#577=VECTOR('',#576,0.01496062992126);
#578=LINE('',#575,#577);
#579=EDGE_CURVE('',#474,#568,#578,.T.);
#580=ORIENTED_EDGE('',*,*,#579,.F.);
#581=EDGE_LOOP('',(#558,#566,#574,#580));
#582=FACE_OUTER_BOUND('',#581,.T.);
#583=ADVANCED_FACE('',(#582),#557,.F.);
#584=CARTESIAN_POINT('',(0.011043307086614,-0.014212598425197,-0.02755905511811));
#585=DIRECTION('',(0.0,0.0,1.0));
#586=DIRECTION('',(1.0,0.0,0.0));
#587=AXIS2_PLACEMENT_3D('',#584,#585,#586);
#588=PLANE('',#587);
#589=ORIENTED_EDGE('',*,*,#358,.T.);
#590=CARTESIAN_POINT('',(0.01003937007874,-0.02992125984252,-0.02755905511811));
#591=VERTEX_POINT('',#590);
#592=CARTESIAN_POINT('',(0.01003937007874,-0.02992125984252,-0.02755905511811));
#593=DIRECTION('',(0.0,1.0,0.0));
#594=VECTOR('',#593,0.01496062992126);
#595=LINE('',#592,#594);
#596=EDGE_CURVE('',#591,#347,#595,.T.);
#597=ORIENTED_EDGE('',*,*,#596,.F.);
#598=CARTESIAN_POINT('',(-0.01003937007874,-0.02992125984252,-0.02755905511811));
#599=VERTEX_POINT('',#598);
#600=CARTESIAN_POINT('',(-0.01003937007874,-0.02992125984252,-0.02755905511811));
#601=DIRECTION('',(1.0,0.0,0.0));
#602=VECTOR('',#601,0.02007874015748);
#603=LINE('',#600,#602);
#604=EDGE_CURVE('',#599,#591,#603,.T.);
#605=ORIENTED_EDGE('',*,*,#604,.F.);
#606=CARTESIAN_POINT('',(-0.01003937007874,-0.01496062992126,-0.02755905511811));
#607=DIRECTION('',(0.0,-1.0,0.0));
#608=VECTOR('',#607,0.01496062992126);
#609=LINE('',#606,#608);
#610=EDGE_CURVE('',#329,#599,#609,.T.);
#611=ORIENTED_EDGE('',*,*,#610,.F.);
#612=EDGE_LOOP('',(#589,#597,#605,#611));
#613=FACE_OUTER_BOUND('',#612,.T.);
#614=ADVANCED_FACE('',(#613),#588,.F.);
#615=CARTESIAN_POINT('',(0.111043307086614,-0.01496062992126,-0.157775590551181));
#616=DIRECTION('',(0.0,-1.0,0.0));
#617=DIRECTION('',(0.0,0.0,-1.0));
#618=AXIS2_PLACEMENT_3D('',#615,#616,#617);
#619=PLANE('',#618);
#620=CARTESIAN_POINT('',(0.08996062992126,-0.01496062992126,-0.02755905511811));
#621=VERTEX_POINT('',#620);
#622=CARTESIAN_POINT('',(0.08996062992126,-0.01496062992126,-0.151574803149606));
#623=VERTEX_POINT('',#622);
#624=CARTESIAN_POINT('',(0.08996062992126,-0.01496062992126,-0.02755905511811));
#625=DIRECTION('',(0.0,0.0,-1.0));
#626=VECTOR('',#625,0.124015748031496);
#627=LINE('',#624,#626);
#628=EDGE_CURVE('',#621,#623,#627,.T.);
#629=ORIENTED_EDGE('',*,*,#628,.T.);
#630=CARTESIAN_POINT('',(0.11003937007874,-0.01496062992126,-0.151574803149606));
#631=VERTEX_POINT('',#630);
#632=CARTESIAN_POINT('',(0.11003937007874,-0.01496062992126,-0.151574803149606));
#633=DIRECTION('',(-1.0,0.0,0.0));
#634=VECTOR('',#633,0.02007874015748);
#635=LINE('',#632,#634);
#636=EDGE_CURVE('',#631,#623,#635,.T.);
#637=ORIENTED_EDGE('',*,*,#636,.F.);
#638=CARTESIAN_POINT('',(0.11003937007874,-0.01496062992126,-0.02755905511811));
#639=VERTEX_POINT('',#638);
#640=CARTESIAN_POINT('',(0.11003937007874,-0.01496062992126,-0.02755905511811));
#641=DIRECTION('',(0.0,0.0,-1.0));
#642=VECTOR('',#641,0.124015748031496);
#643=LINE('',#640,#642);
#644=EDGE_CURVE('',#639,#631,#643,.T.);
#645=ORIENTED_EDGE('',*,*,#644,.F.);
#646=CARTESIAN_POINT('',(0.08996062992126,-0.01496062992126,-0.02755905511811));
#647=DIRECTION('',(1.0,0.0,0.0));
#648=VECTOR('',#647,0.02007874015748);
#649=LINE('',#646,#648);
#650=EDGE_CURVE('',#621,#639,#649,.T.);
#651=ORIENTED_EDGE('',*,*,#650,.F.);
#652=EDGE_LOOP('',(#629,#637,#645,#651));
#653=FACE_OUTER_BOUND('',#652,.T.);
#654=ADVANCED_FACE('',(#653),#619,.T.);
#655=CARTESIAN_POINT('',(0.111043307086614,-0.00511811023622,-0.151574803149606));
#656=DIRECTION('',(-1.0,0.0,0.0));
#657=DIRECTION('',(0.0,0.707106781186547,0.707106781186548));
#658=AXIS2_PLACEMENT_3D('',#655,#656,#657);
#659=CYLINDRICAL_SURFACE('',#658,0.009842519685039);
#660=CARTESIAN_POINT('',(0.08996062992126,-0.00511811023622,-0.161417322834646));
#661=VERTEX_POINT('',#660);
#662=CARTESIAN_POINT('',(0.08996062992126,-0.00511811023622,-0.151574803149606));
#663=DIRECTION('',(1.0,0.0,0.0));
#664=DIRECTION('',(0.0,-1.0,0.0));
#665=AXIS2_PLACEMENT_3D('',#662,#663,#664);
#666=CIRCLE('',#665,0.009842519685039);
#667=EDGE_CURVE('',#623,#661,#666,.T.);
#668=ORIENTED_EDGE('',*,*,#667,.T.);
#669=CARTESIAN_POINT('',(0.11003937007874,-0.00511811023622,-0.161417322834646));
#670=VERTEX_POINT('',#669);
#671=CARTESIAN_POINT('',(0.11003937007874,-0.00511811023622,-0.161417322834646));
#672=DIRECTION('',(-1.0,0.0,0.0));
#673=VECTOR('',#672,0.02007874015748);
#674=LINE('',#671,#673);
#675=EDGE_CURVE('',#670,#661,#674,.T.);
#676=ORIENTED_EDGE('',*,*,#675,.F.);
#677=CARTESIAN_POINT('',(0.11003937007874,-0.00511811023622,-0.151574803149606));
#678=DIRECTION('',(1.0,0.0,0.0));
#679=DIRECTION('',(0.0,-1.0,0.0));
#680=AXIS2_PLACEMENT_3D('',#677,#678,#679);
#681=CIRCLE('',#680,0.009842519685039);
#682=EDGE_CURVE('',#631,#670,#681,.T.);
#683=ORIENTED_EDGE('',*,*,#682,.F.);
#684=ORIENTED_EDGE('',*,*,#636,.T.);
#685=EDGE_LOOP('',(#668,#676,#683,#684));
#686=FACE_OUTER_BOUND('',#685,.T.);
#687=ADVANCED_FACE('',(#686),#659,.T.);
#688=CARTESIAN_POINT('',(0.088956692913386,0.005629921259842,-0.161417322834646));
#689=DIRECTION('',(0.0,0.0,-1.0));
#690=DIRECTION('',(-1.0,0.0,0.0));
#691=AXIS2_PLACEMENT_3D('',#688,#689,#690);
#692=PLANE('',#691);
#693=CARTESIAN_POINT('',(0.08996062992126,0.00511811023622,-0.161417322834646));
#694=VERTEX_POINT('',#693);
#695=CARTESIAN_POINT('',(0.08996062992126,-0.00511811023622,-0.161417322834646));
#696=DIRECTION('',(0.0,1.0,0.0));
#697=VECTOR('',#696,0.01023622047244);
#698=LINE('',#695,#697);
#699=EDGE_CURVE('',#661,#694,#698,.T.);
#700=ORIENTED_EDGE('',*,*,#699,.T.);
#701=CARTESIAN_POINT('',(0.11003937007874,0.00511811023622,-0.161417322834646));
#702=VERTEX_POINT('',#701);
#703=CARTESIAN_POINT('',(0.11003937007874,0.00511811023622,-0.161417322834646));
#704=DIRECTION('',(-1.0,0.0,0.0));
#705=VECTOR('',#704,0.02007874015748);
#706=LINE('',#703,#705);
#707=EDGE_CURVE('',#702,#694,#706,.T.);
#708=ORIENTED_EDGE('',*,*,#707,.F.);
#709=CARTESIAN_POINT('',(0.11003937007874,-0.00511811023622,-0.161417322834646));
#710=DIRECTION('',(0.0,1.0,0.0));
#711=VECTOR('',#710,0.01023622047244);
#712=LINE('',#709,#711);
#713=EDGE_CURVE('',#670,#702,#712,.T.);
#714=ORIENTED_EDGE('',*,*,#713,.F.);
#715=ORIENTED_EDGE('',*,*,#675,.T.);
#716=EDGE_LOOP('',(#700,#708,#714,#715));
#717=FACE_OUTER_BOUND('',#716,.T.);
#718=ADVANCED_FACE('',(#717),#692,.T.);
#719=CARTESIAN_POINT('',(0.111043307086614,0.00511811023622,-0.151574803149606));
#720=DIRECTION('',(-1.0,0.0,0.0));
#721=DIRECTION('',(0.0,-0.707106781186548,0.707106781186547));
#722=AXIS2_PLACEMENT_3D('',#719,#720,#721);
#723=CYLINDRICAL_SURFACE('',#722,0.009842519685039);
#724=CARTESIAN_POINT('',(0.08996062992126,0.01496062992126,-0.151574803149606));
#725=VERTEX_POINT('',#724);
#726=CARTESIAN_POINT('',(0.08996062992126,0.00511811023622,-0.151574803149606));
#727=DIRECTION('',(1.0,0.0,0.0));
#728=DIRECTION('',(0.0,0.0,-1.0));
#729=AXIS2_PLACEMENT_3D('',#726,#727,#728);
#730=CIRCLE('',#729,0.009842519685039);
#731=EDGE_CURVE('',#694,#725,#730,.T.);
#732=ORIENTED_EDGE('',*,*,#731,.T.);
#733=CARTESIAN_POINT('',(0.11003937007874,0.01496062992126,-0.151574803149606));
#734=VERTEX_POINT('',#733);
#735=CARTESIAN_POINT('',(0.11003937007874,0.01496062992126,-0.151574803149606));
#736=DIRECTION('',(-1.0,0.0,0.0));
#737=VECTOR('',#736,0.02007874015748);
#738=LINE('',#735,#737);
#739=EDGE_CURVE('',#734,#725,#738,.T.);
#740=ORIENTED_EDGE('',*,*,#739,.F.);
#741=CARTESIAN_POINT('',(0.11003937007874,0.00511811023622,-0.151574803149606));
#742=DIRECTION('',(1.0,0.0,0.0));
#743=DIRECTION('',(0.0,0.0,-1.0));
#744=AXIS2_PLACEMENT_3D('',#741,#742,#743);
#745=CIRCLE('',#744,0.009842519685039);
#746=EDGE_CURVE('',#702,#734,#745,.T.);
#747=ORIENTED_EDGE('',*,*,#746,.F.);
#748=ORIENTED_EDGE('',*,*,#707,.T.);
#749=EDGE_LOOP('',(#732,#740,#747,#748));
#750=FACE_OUTER_BOUND('',#749,.T.);
#751=ADVANCED_FACE('',(#750),#723,.T.);
#752=CARTESIAN_POINT('',(0.111043307086614,0.01496062992126,-0.021358267716535));
#753=DIRECTION('',(0.0,1.0,0.0));
#754=DIRECTION('',(0.0,0.0,1.0));
#755=AXIS2_PLACEMENT_3D('',#752,#753,#754);
#756=PLANE('',#755);
#757=CARTESIAN_POINT('',(0.08996062992126,0.01496062992126,-0.02755905511811));
#758=VERTEX_POINT('',#757);
#759=CARTESIAN_POINT('',(0.08996062992126,0.01496062992126,-0.151574803149606));
#760=DIRECTION('',(0.0,0.0,1.0));
#761=VECTOR('',#760,0.124015748031496);
#762=LINE('',#759,#761);
#763=EDGE_CURVE('',#725,#758,#762,.T.);
#764=ORIENTED_EDGE('',*,*,#763,.T.);
#765=CARTESIAN_POINT('',(0.11003937007874,0.01496062992126,-0.02755905511811));
#766=VERTEX_POINT('',#765);
#767=CARTESIAN_POINT('',(0.11003937007874,0.01496062992126,-0.02755905511811));
#768=DIRECTION('',(-1.0,0.0,0.0));
#769=VECTOR('',#768,0.02007874015748);
#770=LINE('',#767,#769);
#771=EDGE_CURVE('',#766,#758,#770,.T.);
#772=ORIENTED_EDGE('',*,*,#771,.F.);
#773=CARTESIAN_POINT('',(0.11003937007874,0.01496062992126,-0.151574803149606));
#774=DIRECTION('',(0.0,0.0,1.0));
#775=VECTOR('',#774,0.124015748031496);
#776=LINE('',#773,#775);
#777=EDGE_CURVE('',#734,#766,#776,.T.);
#778=ORIENTED_EDGE('',*,*,#777,.F.);
#779=ORIENTED_EDGE('',*,*,#739,.T.);
#780=EDGE_LOOP('',(#764,#772,#778,#779));
#781=FACE_OUTER_BOUND('',#780,.T.);
#782=ADVANCED_FACE('',(#781),#756,.T.);
#783=CARTESIAN_POINT('',(0.111043307086614,0.030669291338583,-0.02755905511811));
#784=DIRECTION('',(0.0,0.0,1.0));
#785=DIRECTION('',(1.0,0.0,0.0));
#786=AXIS2_PLACEMENT_3D('',#783,#784,#785);
#787=PLANE('',#786);
#788=ORIENTED_EDGE('',*,*,#771,.T.);
#789=CARTESIAN_POINT('',(0.08996062992126,0.02992125984252,-0.02755905511811));
#790=VERTEX_POINT('',#789);
#791=CARTESIAN_POINT('',(0.08996062992126,0.02992125984252,-0.02755905511811));
#792=DIRECTION('',(0.0,-1.0,0.0));
#793=VECTOR('',#792,0.01496062992126);
#794=LINE('',#791,#793);
#795=EDGE_CURVE('',#790,#758,#794,.T.);
#796=ORIENTED_EDGE('',*,*,#795,.F.);
#797=CARTESIAN_POINT('',(0.11003937007874,0.02992125984252,-0.02755905511811));
#798=VERTEX_POINT('',#797);
#799=CARTESIAN_POINT('',(0.11003937007874,0.02992125984252,-0.02755905511811));
#800=DIRECTION('',(-1.0,0.0,0.0));
#801=VECTOR('',#800,0.02007874015748);
#802=LINE('',#799,#801);
#803=EDGE_CURVE('',#798,#790,#802,.T.);
#804=ORIENTED_EDGE('',*,*,#803,.F.);
#805=CARTESIAN_POINT('',(0.11003937007874,0.01496062992126,-0.02755905511811));
#806=DIRECTION('',(0.0,1.0,0.0));
#807=VECTOR('',#806,0.01496062992126);
#808=LINE('',#805,#807);
#809=EDGE_CURVE('',#766,#798,#808,.T.);
#810=ORIENTED_EDGE('',*,*,#809,.F.);
#811=EDGE_LOOP('',(#788,#796,#804,#810));
#812=FACE_OUTER_BOUND('',#811,.T.);
#813=ADVANCED_FACE('',(#812),#787,.F.);
#814=CARTESIAN_POINT('',(0.111043307086614,-0.014212598425197,-0.02755905511811));
#815=DIRECTION('',(0.0,0.0,1.0));
#816=DIRECTION('',(1.0,0.0,0.0));
#817=AXIS2_PLACEMENT_3D('',#814,#815,#816);
#818=PLANE('',#817);
#819=ORIENTED_EDGE('',*,*,#650,.T.);
#820=CARTESIAN_POINT('',(0.11003937007874,-0.02992125984252,-0.02755905511811));
#821=VERTEX_POINT('',#820);
#822=CARTESIAN_POINT('',(0.11003937007874,-0.02992125984252,-0.02755905511811));
#823=DIRECTION('',(0.0,1.0,0.0));
#824=VECTOR('',#823,0.01496062992126);
#825=LINE('',#822,#824);
#826=EDGE_CURVE('',#821,#639,#825,.T.);
#827=ORIENTED_EDGE('',*,*,#826,.F.);
#828=CARTESIAN_POINT('',(0.08996062992126,-0.02992125984252,-0.02755905511811));
#829=VERTEX_POINT('',#828);
#830=CARTESIAN_POINT('',(0.08996062992126,-0.02992125984252,-0.02755905511811));
#831=DIRECTION('',(1.0,0.0,0.0));
#832=VECTOR('',#831,0.02007874015748);
#833=LINE('',#830,#832);
#834=EDGE_CURVE('',#829,#821,#833,.T.);
#835=ORIENTED_EDGE('',*,*,#834,.F.);
#836=CARTESIAN_POINT('',(0.08996062992126,-0.01496062992126,-0.02755905511811));
#837=DIRECTION('',(0.0,-1.0,0.0));
#838=VECTOR('',#837,0.01496062992126);
#839=LINE('',#836,#838);
#840=EDGE_CURVE('',#621,#829,#839,.T.);
#841=ORIENTED_EDGE('',*,*,#840,.F.);
#842=EDGE_LOOP('',(#819,#827,#835,#841));
#843=FACE_OUTER_BOUND('',#842,.T.);
#844=ADVANCED_FACE('',(#843),#818,.F.);
#845=CARTESIAN_POINT('',(0.142370333634561,0.059535666713904,0.000204587859131));
#846=CARTESIAN_POINT('',(0.14187146758315,0.060062376365392,0.000086689774053));
#847=CARTESIAN_POINT('',(0.140970699149567,0.060984197894322,-0.000002458225932));
#848=CARTESIAN_POINT('',(0.140048856917333,0.0618780300428,0.000116148169194));
#849=CARTESIAN_POINT('',(0.139653738460848,0.062252259851012,0.00020459648172));
#850=CARTESIAN_POINT('',(0.136597995920065,0.052430342484369,-0.001158459718216));
#851=CARTESIAN_POINT('',(0.13587288459157,0.053224886595375,-0.001390949179574));
#852=CARTESIAN_POINT('',(0.134535024720192,0.054615393554618,-0.001567082584983));
#853=CARTESIAN_POINT('',(0.133144421208354,0.055935975804732,-0.001332751338963));
#854=CARTESIAN_POINT('',(0.132548394686166,0.056479938699233,-0.00115844296338));
#855=CARTESIAN_POINT('',(0.123756929418487,0.036624049307129,-0.006667646807618));
#856=CARTESIAN_POINT('',(0.122622846783375,0.038059758839801,-0.007357205359669));
#857=CARTESIAN_POINT('',(0.120330642814874,0.040571917653844,-0.007884616999266));
#858=CARTESIAN_POINT('',(0.117818738899077,0.042787801367233,-0.007185204226765));
#859=CARTESIAN_POINT('',(0.116742055400981,0.043638902888622,-0.006667595692956));
#860=CARTESIAN_POINT('',(0.114007398270605,0.02462375936184,-0.016884990224523));
#861=CARTESIAN_POINT('',(0.113078465416888,0.02683292374269,-0.018045774952867));
#862=CARTESIAN_POINT('',(0.110280306994384,0.030702259408872,-0.019012152319745));
#863=CARTESIAN_POINT('',(0.106402496199495,0.033196468397023,-0.017757360680489));
#864=CARTESIAN_POINT('',(0.104741699920159,0.033889346774157,-0.016884901547029));
#865=CARTESIAN_POINT('',(0.110033663361025,0.019732825283055,-0.023631731623785));
#866=CARTESIAN_POINT('',(0.109357435918574,0.02236308434188,-0.024782515080003));
#867=CARTESIAN_POINT('',(0.106434256850215,0.026945556638791,-0.025759736008284));
#868=CARTESIAN_POINT('',(0.101823845530535,0.029408334314232,-0.024494922587602));
#869=CARTESIAN_POINT('',(0.099850743349364,0.029915602572552,-0.023631647559769));
#870=B_SPLINE_SURFACE_WITH_KNOTS('',3,3,((#845,#850,#855,#860,#865),(#846,#851,#856,#861,#866),(#847,#852,#857,#862,#867),(#848,#853,#858,#863,#868),(#849,#854,#859,#864,#869)),.UNSPECIFIED.,.F.,.F.,.F.,(4,1,4),(4,1,4),(-0.000316963327289,0.571428571428571,1.000330889753726),(-1.338865182557094,-0.991186580768275,-0.532241098937984),.UNSPECIFIED.);
#871=CARTESIAN_POINT('',(0.100053696970237,0.029921259821791,-0.023619751877679));
#872=VERTEX_POINT('',#871);
#873=CARTESIAN_POINT('',(0.100036571850179,0.030061696627835,-0.023385183047274));
#874=VERTEX_POINT('',#873);
#875=CARTESIAN_POINT('',(0.100053698805628,0.029921258507644,-0.023619750956784));
#876=DIRECTION('',(-0.062513723219243,0.512728171677017,0.85627206913341));
#877=VECTOR('',#876,0.00027393119958);
#878=LINE('',#875,#877);
#879=EDGE_CURVE('',#872,#874,#878,.T.);
#880=ORIENTED_EDGE('',*,*,#879,.T.);
#881=CARTESIAN_POINT('',(0.138628170811894,0.061417380338931,4.608188E-009));
#882=VERTEX_POINT('',#881);
#883=CARTESIAN_POINT('',(0.154133858267717,0.074015748031496,-0.049606299212598));
#884=DIRECTION('',(-0.630592625094465,0.776114000116266,0.0));
#885=DIRECTION('',(-0.776114000116266,-0.630592625094465,0.0));
#886=AXIS2_PLACEMENT_3D('',#883,#884,#885);
#887=ELLIPSE('',#886,0.081163496567277,0.051181102362205);
#888=EDGE_CURVE('',#874,#882,#887,.T.);
#889=ORIENTED_EDGE('',*,*,#888,.T.);
#890=CARTESIAN_POINT('',(0.141535491820716,0.058510060944126,-3.827076E-011));
#891=VERTEX_POINT('',#890);
#892=CARTESIAN_POINT('',(0.141535551147071,0.058510060375487,-2.374344E-019));
#893=CARTESIAN_POINT('',(0.141535548075063,0.059021951185729,-2.364096E-019));
#894=CARTESIAN_POINT('',(0.141472951388733,0.059504427082669,2.561107E-019));
#895=CARTESIAN_POINT('',(0.141211114017551,0.06019744325415,2.561107E-019));
#896=CARTESIAN_POINT('',(0.141065258894051,0.060447634983723,-8.433874E-014));
#897=CARTESIAN_POINT('',(0.140682124601122,0.060855210339877,-8.433874E-014));
#898=CARTESIAN_POINT('',(0.140467288892068,0.061005191242727,2.371160E-017));
#899=CARTESIAN_POINT('',(0.14000487868601,0.061222991930979,2.370645E-017));
#900=CARTESIAN_POINT('',(0.13976773440016,0.061293371162951,6.234056E-016));
#901=CARTESIAN_POINT('',(0.139233299375523,0.06139594564641,6.234056E-016));
#902=CARTESIAN_POINT('',(0.138927360368726,0.061417425140712,6.720884E-019));
#903=CARTESIAN_POINT('',(0.138628170623931,0.061417440913161,-1.488345E-018));
#904=B_SPLINE_CURVE_WITH_KNOTS('',3,(#892,#893,#894,#895,#896,#897,#898,#899,#900,#901,#902,#903),.UNSPECIFIED.,.F.,.U.,(4,2,2,2,2,4),(0.000004062638493,0.003905137301045,0.006455530248029,0.008774197736696,0.010907212478904,0.013516305072334),.UNSPECIFIED.);
#905=EDGE_CURVE('',#891,#882,#904,.T.);
#906=ORIENTED_EDGE('',*,*,#905,.F.);
#907=CARTESIAN_POINT('',(0.11003937007874,0.019745608721987,-0.023622047244094));
#908=VERTEX_POINT('',#907);
#909=CARTESIAN_POINT('',(0.154133858267717,0.074015748031496,-0.049606299212598));
#910=DIRECTION('',(0.776114000116266,-0.630592625094465,0.0));
#911=DIRECTION('',(-0.630592625094465,-0.776114000116266,0.0));
#912=AXIS2_PLACEMENT_3D('',#909,#910,#911);
#913=ELLIPSE('',#912,0.081163496567277,0.051181102362205);
#914=EDGE_CURVE('',#891,#908,#913,.T.);
#915=ORIENTED_EDGE('',*,*,#914,.T.);
#916=CARTESIAN_POINT('',(0.11003937010999,0.029921259873746,-0.019670828780191));
#917=VERTEX_POINT('',#916);
#918=CARTESIAN_POINT('',(0.11003937007874,0.029921259902546,-0.019670828825357));
#919=CARTESIAN_POINT('',(0.11003937007874,0.028169473835225,-0.020787839212253));
#920=CARTESIAN_POINT('',(0.110039370078454,0.02620005506174,-0.021868775803241));
#921=CARTESIAN_POINT('',(0.110039370078454,0.022672834675961,-0.023239794814632));
#922=CARTESIAN_POINT('',(0.11003937007874,0.021137184181888,-0.023622047244095));
#923=CARTESIAN_POINT('',(0.11003937007874,0.019745608721987,-0.023622047244095));
#924=B_SPLINE_CURVE_WITH_KNOTS('',3,(#918,#919,#920,#921,#922,#923),.UNSPECIFIED.,.F.,.U.,(4,2,4),(-0.009208489634985,-0.004175153179409,-0.000000999975205),.UNSPECIFIED.);
#925=EDGE_CURVE('',#917,#908,#924,.T.);
#926=ORIENTED_EDGE('',*,*,#925,.F.);
#927=CARTESIAN_POINT('',(0.110039370138812,0.02992125984252,-0.019670828824949));
#928=CARTESIAN_POINT('',(0.107799399962773,0.02992125984252,-0.021113257452862));
#929=CARTESIAN_POINT('',(0.105985733031265,0.02992125984251,-0.022000686065897));
#930=CARTESIAN_POINT('',(0.102787546248624,0.02992125984251,-0.023265731189775));
#931=CARTESIAN_POINT('',(0.101311433573387,0.02992125984252,-0.023589542226257));
#932=CARTESIAN_POINT('',(0.100053696898284,0.02992125984252,-0.023619748881752));
#933=B_SPLINE_CURVE_WITH_KNOTS('',3,(#927,#928,#929,#930,#931,#932),.UNSPECIFIED.,.F.,.U.,(4,2,4),(0.000001000030897,0.00799204291016,0.017817871365472),.UNSPECIFIED.);
#934=EDGE_CURVE('',#917,#872,#933,.T.);
#935=ORIENTED_EDGE('',*,*,#934,.T.);
#936=EDGE_LOOP('',(#880,#889,#906,#915,#926,#935));
#937=FACE_OUTER_BOUND('',#936,.T.);
#938=ADVANCED_FACE('',(#937),#870,.F.);
#939=CARTESIAN_POINT('',(0.154133858267717,-0.064361018416775,-0.049606299212598));
#940=DIRECTION('',(0.0,1.0,0.0));
#941=DIRECTION('',(0.246153846153846,0.0,-0.969230769230769));
#942=AXIS2_PLACEMENT_3D('',#939,#940,#941);
#943=CYLINDRICAL_SURFACE('',#942,0.051181102362205);
#944=ORIENTED_EDGE('',*,*,#914,.F.);
#945=CARTESIAN_POINT('',(0.141535579326758,-0.058510152294859,0.000000011187206));
#946=VERTEX_POINT('',#945);
#947=CARTESIAN_POINT('',(0.141535433070866,-0.058510152294859,0.0));
#948=DIRECTION('',(0.0,1.0,0.0));
#949=VECTOR('',#948,0.117020213238985);
#950=LINE('',#947,#949);
#951=EDGE_CURVE('',#946,#891,#950,.T.);
#952=ORIENTED_EDGE('',*,*,#951,.F.);
#953=CARTESIAN_POINT('',(0.11003937007874,-0.019745608721987,-0.023622047244094));
#954=VERTEX_POINT('',#953);
#955=CARTESIAN_POINT('',(0.154133858267717,-0.074015748031496,-0.049606299212598));
#956=DIRECTION('',(0.776114000116266,0.630592625094465,0.0));
#957=DIRECTION('',(-0.630592625094465,0.776114000116266,0.0));
#958=AXIS2_PLACEMENT_3D('',#955,#956,#957);
#959=ELLIPSE('',#958,0.081163496567277,0.051181102362205);
#960=EDGE_CURVE('',#954,#946,#959,.T.);
#961=ORIENTED_EDGE('',*,*,#960,.F.);
#962=CARTESIAN_POINT('',(0.11003937007874,0.019745608721987,-0.023622047244094));
#963=DIRECTION('',(0.0,-1.0,0.0));
#964=VECTOR('',#963,0.039491217443974);
#965=LINE('',#962,#964);
#966=EDGE_CURVE('',#908,#954,#965,.T.);
#967=ORIENTED_EDGE('',*,*,#966,.F.);
#968=EDGE_LOOP('',(#944,#952,#961,#967));
#969=FACE_OUTER_BOUND('',#968,.T.);
#970=ADVANCED_FACE('',(#969),#943,.F.);
#971=CARTESIAN_POINT('',(0.15249098539276,0.074015748031496,-0.049606299212598));
#972=DIRECTION('',(-1.0,0.0,0.0));
#973=DIRECTION('',(0.0,0.861538461538462,-0.507692307692307));
#974=AXIS2_PLACEMENT_3D('',#971,#972,#973);
#975=CYLINDRICAL_SURFACE('',#974,0.051181102362205);
#976=ORIENTED_EDGE('',*,*,#888,.F.);
#977=CARTESIAN_POINT('',(-1.945598E-009,0.030084881637786,-0.023346385066139));
#978=VERTEX_POINT('',#977);
#979=CARTESIAN_POINT('',(-0.000000022498277,0.03008487011956,-0.023346370251611));
#980=CARTESIAN_POINT('',(0.006729648762169,0.034351431345552,-0.016207730414037));
#981=CARTESIAN_POINT('',(0.019356612276528,0.042518233613394,-0.008397538858224));
#982=CARTESIAN_POINT('',(0.04034358171709,0.052395346860349,-0.003177672938972));
#983=CARTESIAN_POINT('',(0.059661569854923,0.052304788381481,-0.003197887665423));
#984=CARTESIAN_POINT('',(0.080705436354132,0.042274669428242,-0.008472711238966));
#985=CARTESIAN_POINT('',(0.093308014802444,0.03432527176353,-0.016234225595841));
#986=CARTESIAN_POINT('',(0.100036572794508,0.03006167908539,-0.023385174268895));
#987=B_SPLINE_CURVE_WITH_KNOTS('',3,(#979,#980,#981,#982,#983,#984,#985,#986),.UNSPECIFIED.,.F.,.U.,(4,1,1,1,1,4),(-0.395983798013353,-0.30312961843067,-0.256316065389255,-0.20950251234784,-0.162688959306425,-0.069755020685344),.UNSPECIFIED.);
#988=EDGE_CURVE('',#978,#874,#987,.T.);
#989=ORIENTED_EDGE('',*,*,#988,.F.);
#990=CARTESIAN_POINT('',(-0.100036567791196,0.030061706407253,-0.023385190168328));
#991=VERTEX_POINT('',#990);
#992=CARTESIAN_POINT('',(-0.100036569224802,0.03006171574373,-0.023385198867071));
#993=CARTESIAN_POINT('',(-0.096694994709485,0.03218064505588,-0.019835098437314));
#994=CARTESIAN_POINT('',(-0.088984070592137,0.037158408139836,-0.01358417018172));
#995=CARTESIAN_POINT('',(-0.075548475920404,0.044764766339262,-0.007164058224893));
#996=CARTESIAN_POINT('',(-0.059631416571374,0.052434357481648,-0.003155608916778));
#997=CARTESIAN_POINT('',(-0.040387923414836,0.052432487726033,-0.003155529813345));
#998=CARTESIAN_POINT('',(-0.024494056631695,0.044886217955138,-0.007124460279497));
#999=CARTESIAN_POINT('',(-0.011048811956923,0.037219769320412,-0.01355824711267));
#1000=CARTESIAN_POINT('',(-0.00333934094857,0.032203269294966,-0.019805568441972));
#1001=CARTESIAN_POINT('',(0.000000014113475,0.030084906743689,-0.023346398585019));
#1002=B_SPLINE_CURVE_WITH_KNOTS('',3,(#992,#993,#994,#995,#996,#997,#998,#999,#1000,#1001),.UNSPECIFIED.,.F.,.U.,(4,1,1,1,1,1,1,4),(-0.396146594418571,-0.350025980854784,-0.303212430329817,-0.256398879804849,-0.209585329279881,-0.162771778754914,-0.115958228229946,-0.069917350921626),.UNSPECIFIED.);
#1003=EDGE_CURVE('',#991,#978,#1002,.T.);
#1004=ORIENTED_EDGE('',*,*,#1003,.F.);
#1005=CARTESIAN_POINT('',(-0.138628263064522,0.061417469205204,0.000000011215533));
#1006=VERTEX_POINT('',#1005);
#1007=CARTESIAN_POINT('',(-0.154133858267717,0.074015748031496,-0.049606299212598));
#1008=DIRECTION('',(0.630592625094465,0.776114000116266,0.0));
#1009=DIRECTION('',(0.776114000116266,-0.630592625094465,0.0));
#1010=AXIS2_PLACEMENT_3D('',#1007,#1008,#1009);
#1011=ELLIPSE('',#1010,0.081163496567277,0.051181102362205);
#1012=EDGE_CURVE('',#1006,#991,#1011,.T.);
#1013=ORIENTED_EDGE('',*,*,#1012,.F.);
#1014=CARTESIAN_POINT('',(0.138628170811894,0.061417322834646,0.0));
#1015=DIRECTION('',(-1.0,0.0,0.0));
#1016=VECTOR('',#1015,0.277256433876416);
#1017=LINE('',#1014,#1016);
#1018=EDGE_CURVE('',#882,#1006,#1017,.T.);
#1019=ORIENTED_EDGE('',*,*,#1018,.F.);
#1020=EDGE_LOOP('',(#976,#989,#1004,#1013,#1019));
#1021=FACE_OUTER_BOUND('',#1020,.T.);
#1022=ADVANCED_FACE('',(#1021),#975,.F.);
#1023=CARTESIAN_POINT('',(-0.11003520927943,0.019734100011619,-0.023629106561147));
#1024=CARTESIAN_POINT('',(-0.109358970625846,0.022364368705262,-0.024780034799012));
#1025=CARTESIAN_POINT('',(-0.106435706552013,0.026946953605719,-0.025757392154737));
#1026=CARTESIAN_POINT('',(-0.101825210759168,0.029409837839841,-0.024492434169861));
#1027=CARTESIAN_POINT('',(-0.099852083723543,0.029917131617082,-0.023629051214658));
#1028=CARTESIAN_POINT('',(-0.113015930286515,0.023402832328073,-0.018569066445118));
#1029=CARTESIAN_POINT('',(-0.112150149543338,0.025717250851688,-0.01972745171534));
#1030=CARTESIAN_POINT('',(-0.109320678742507,0.029764911149577,-0.020696638146788));
#1031=CARTESIAN_POINT('',(-0.105259698759123,0.032251345469801,-0.019439245625481));
#1032=CARTESIAN_POINT('',(-0.103520824469143,0.032897854243766,-0.018569007566105));
#1033=CARTESIAN_POINT('',(-0.122057176096563,0.034531304804168,-0.00792113894307));
#1034=CARTESIAN_POINT('',(-0.120908103700887,0.036071663486685,-0.008723184982315));
#1035=CARTESIAN_POINT('',(-0.118502719497149,0.038770282002614,-0.009346946111849));
#1036=CARTESIAN_POINT('',(-0.115805488743811,0.041077822297712,-0.008523881150868));
#1037=CARTESIAN_POINT('',(-0.114649339365466,0.041939119392735,-0.007921097569464));
#1038=CARTESIAN_POINT('',(-0.134694198270284,0.050086568321246,-0.001607655772123));
#1039=CARTESIAN_POINT('',(-0.13389423197429,0.050969410269842,-0.001877866327298));
#1040=CARTESIAN_POINT('',(-0.132412020318973,0.052514408031949,-0.002082550040008));
#1041=CARTESIAN_POINT('',(-0.130866893073305,0.053975989591321,-0.001810209096789));
#1042=CARTESIAN_POINT('',(-0.130204636140293,0.05457612659449,-0.001607643126733));
#1043=CARTESIAN_POINT('',(-0.142370538806391,0.059535712359275,0.000204632453782));
#1044=CARTESIAN_POINT('',(-0.141871651244211,0.060062449702467,0.000086720113384));
#1045=CARTESIAN_POINT('',(-0.140970835333677,0.06098432461081,-0.000002441102089));
#1046=CARTESIAN_POINT('',(-0.140048940168178,0.061878203171696,0.000116179105656));
#1047=CARTESIAN_POINT('',(-0.139653797249882,0.062252452573017,0.000204638135361));
#1048=B_SPLINE_SURFACE_WITH_KNOTS('',3,3,((#1023,#1028,#1033,#1038,#1043),(#1024,#1029,#1034,#1039,#1044),(#1025,#1030,#1035,#1040,#1045),(#1026,#1031,#1036,#1041,#1046),(#1027,#1032,#1037,#1042,#1047)),.UNSPECIFIED.,.F.,.F.,.F.,(4,1,4),(4,1,4),(-0.000351530569735,0.571428571428571,1.000360701100196),(0.532295889689002,0.876515960151669,1.338867438679779),.UNSPECIFIED.);
#1049=CARTESIAN_POINT('',(-0.110039370097844,0.02992125986161,-0.019660650691451));
#1050=VERTEX_POINT('',#1049);
#1051=CARTESIAN_POINT('',(-0.11003937007874,0.019745608721987,-0.023622047244095));
#1052=VERTEX_POINT('',#1051);
#1053=CARTESIAN_POINT('',(-0.11003937007874,0.029921259879255,-0.01966065071905));
#1054=CARTESIAN_POINT('',(-0.11003937007874,0.028170213198248,-0.0207801489074));
#1055=CARTESIAN_POINT('',(-0.110039370078482,0.026201583973939,-0.021864563049398));
#1056=CARTESIAN_POINT('',(-0.110039370078482,0.022676198796536,-0.023238318724309));
#1057=CARTESIAN_POINT('',(-0.11003937007874,0.021139157334627,-0.023622047244095));
#1058=CARTESIAN_POINT('',(-0.11003937007874,0.019745608721986,-0.023622047244094));
#1059=B_SPLINE_CURVE_WITH_KNOTS('',3,(#1053,#1054,#1055,#1056,#1057,#1058),.UNSPECIFIED.,.F.,.U.,(4,2,4),(0.000000999987236,0.006235432086489,0.011395535786967),.UNSPECIFIED.);
#1060=EDGE_CURVE('',#1050,#1052,#1059,.T.);
#1061=ORIENTED_EDGE('',*,*,#1060,.T.);
#1062=CARTESIAN_POINT('',(-0.141535579326758,0.058510152294859,0.000000011187206));
#1063=VERTEX_POINT('',#1062);
#1064=CARTESIAN_POINT('',(-0.154133858267717,0.074015748031496,-0.049606299212598));
#1065=DIRECTION('',(-0.776114000116265,-0.630592625094466,6.628151E-016));
#1066=DIRECTION('',(0.630592625094466,-0.776114000116265,7.358726E-032));
#1067=AXIS2_PLACEMENT_3D('',#1064,#1065,#1066);
#1068=ELLIPSE('',#1067,0.081163496567277,0.051181102362205);
#1069=EDGE_CURVE('',#1052,#1063,#1068,.T.);
#1070=ORIENTED_EDGE('',*,*,#1069,.T.);
#1071=CARTESIAN_POINT('',(-0.138628124872322,0.061417629487684,-6.829618E-019));
#1072=CARTESIAN_POINT('',(-0.139140077009899,0.061417538789044,-6.827529E-019));
#1073=CARTESIAN_POINT('',(-0.139622447214599,0.061354977494833,-5.272086E-019));
#1074=CARTESIAN_POINT('',(-0.140314600442172,0.061093743271555,-5.200743E-019));
#1075=CARTESIAN_POINT('',(-0.14056443956631,0.060948315763993,-1.024760E-013));
#1076=CARTESIAN_POINT('',(-0.140971632327536,0.06056577548989,-1.024760E-013));
#1077=CARTESIAN_POINT('',(-0.14112174078267,0.060351114750284,1.248540E-017));
#1078=CARTESIAN_POINT('',(-0.141340124588592,0.05988894175489,1.248540E-017));
#1079=CARTESIAN_POINT('',(-0.14141084845148,0.059651613199485,7.719498E-016));
#1080=CARTESIAN_POINT('',(-0.141514048401733,0.059116348114496,7.719498E-016));
#1081=CARTESIAN_POINT('',(-0.141535698285574,0.058809817640073,2.110278E-019));
#1082=CARTESIAN_POINT('',(-0.141535739709133,0.058510014624533,1.938341E-019));
#1083=B_SPLINE_CURVE_WITH_KNOTS('',3,(#1071,#1072,#1073,#1074,#1075,#1076,#1077,#1078,#1079,#1080,#1081,#1082),.UNSPECIFIED.,.F.,.U.,(4,2,2,2,2,4),(0.000002621355918,0.003903999441458,0.006451798345534,0.008767390100061,0.010902593660183,0.013516365318019),.UNSPECIFIED.);
#1084=EDGE_CURVE('',#1006,#1063,#1083,.T.);
#1085=ORIENTED_EDGE('',*,*,#1084,.F.);
#1086=ORIENTED_EDGE('',*,*,#1012,.T.);
#1087=CARTESIAN_POINT('',(-0.100053697896865,0.02992125980287,-0.023619751311524));
#1088=VERTEX_POINT('',#1087);
#1089=CARTESIAN_POINT('',(-0.100036568141272,0.030061703295661,-0.023385188279682));
#1090=DIRECTION('',(-0.062534813373031,-0.512704506929427,-0.856284698970297));
#1091=VECTOR('',#1090,0.000273929952903);
#1092=LINE('',#1089,#1091);
#1093=EDGE_CURVE('',#991,#1088,#1092,.T.);
#1094=ORIENTED_EDGE('',*,*,#1093,.T.);
#1095=CARTESIAN_POINT('',(-0.110039370115502,0.02992125984252,-0.019660650718803));
#1096=CARTESIAN_POINT('',(-0.109166084373588,0.02992125984252,-0.020224435705753));
#1097=CARTESIAN_POINT('',(-0.108268190131099,0.02992125984252,-0.020761406522927));
#1098=CARTESIAN_POINT('',(-0.106447649368918,0.02992125984252,-0.02173662854554));
#1099=CARTESIAN_POINT('',(-0.105502564474001,0.029921259842515,-0.022188956151905));
#1100=CARTESIAN_POINT('',(-0.102804793836873,0.029921259842515,-0.023258744742816));
#1101=CARTESIAN_POINT('',(-0.101325253640007,0.02992125984252,-0.023589192046221));
#1102=CARTESIAN_POINT('',(-0.10005369780874,0.02992125984252,-0.023619747644236));
#1103=B_SPLINE_CURVE_WITH_KNOTS('',3,(#1095,#1096,#1097,#1098,#1099,#1100,#1101,#1102),.UNSPECIFIED.,.F.,.U.,(4,2,2,4),(-0.008008103730179,-0.005893357964621,-0.003815969058011,-0.00000099992893),.UNSPECIFIED.);
#1104=EDGE_CURVE('',#1050,#1088,#1103,.T.);
#1105=ORIENTED_EDGE('',*,*,#1104,.F.);
#1106=EDGE_LOOP('',(#1061,#1070,#1085,#1086,#1094,#1105));
#1107=FACE_OUTER_BOUND('',#1106,.T.);
#1108=ADVANCED_FACE('',(#1107),#1048,.F.);
#1109=CARTESIAN_POINT('',(-0.00923948668748,0.019813445642511,-0.024648036404464));
#1110=CARTESIAN_POINT('',(-0.008509947014138,0.02237307094357,-0.025610014573216));
#1111=CARTESIAN_POINT('',(-0.005759341872961,0.026834600285858,-0.026163715987979));
#1112=CARTESIAN_POINT('',(-0.001608552416252,0.029387167081134,-0.024523598627863));
#1113=CARTESIAN_POINT('',(0.000167731375122,0.029978567009458,-0.023525042980531));
#1114=CARTESIAN_POINT('',(-0.011984922124796,0.022449030959946,-0.021032707921077));
#1115=CARTESIAN_POINT('',(-0.011142443339491,0.024782786195973,-0.021959082166168));
#1116=CARTESIAN_POINT('',(-0.008508438353453,0.028861005803159,-0.022481177591159));
#1117=CARTESIAN_POINT('',(-0.004799082416137,0.031428092102739,-0.02088877319029));
#1118=CARTESIAN_POINT('',(-0.003211119815307,0.032119786857799,-0.019909677016931));
#1119=CARTESIAN_POINT('',(-0.018292731477468,0.028674197213912,-0.014717100651334));
#1120=CARTESIAN_POINT('',(-0.017336320570921,0.030566603957575,-0.015425419545707));
#1121=CARTESIAN_POINT('',(-0.015035596016263,0.033880876720299,-0.01575870601601));
#1122=CARTESIAN_POINT('',(-0.012192315195431,0.036356665742144,-0.014421599937754));
#1123=CARTESIAN_POINT('',(-0.010974429979224,0.037177356882024,-0.013593840201551));
#1124=CARTESIAN_POINT('',(-0.029277250936191,0.038162567048686,-0.008248148347189));
#1125=CARTESIAN_POINT('',(-0.028489046153463,0.03954131424221,-0.008550247554014));
#1126=CARTESIAN_POINT('',(-0.026934282148574,0.041960000339901,-0.008566191524452));
#1127=CARTESIAN_POINT('',(-0.025226049654159,0.04407141817064,-0.007661824086915));
#1128=CARTESIAN_POINT('',(-0.024494056631695,0.044886217955138,-0.007124460279497));
#1129=CARTESIAN_POINT('',(-0.042190541578029,0.047450707590241,-0.004279551691983));
#1130=CARTESIAN_POINT('',(-0.041854509729549,0.048426844833104,-0.004264541681201));
#1131=CARTESIAN_POINT('',(-0.041257451581301,0.050140680470885,-0.004044442808915));
#1132=CARTESIAN_POINT('',(-0.040648770569058,0.051762422030407,-0.003463431742337));
#1133=CARTESIAN_POINT('',(-0.040387923414836,0.052432487726033,-0.003155529813345));
#1134=CARTESIAN_POINT('',(-0.057825173297407,0.047453008611183,-0.004279629667546));
#1135=CARTESIAN_POINT('',(-0.058160124661998,0.048429351954606,-0.004265691499505));
#1136=CARTESIAN_POINT('',(-0.058759937931507,0.050142307835107,-0.004044380741638));
#1137=CARTESIAN_POINT('',(-0.059370007967171,0.051764540463659,-0.003463721239304));
#1138=CARTESIAN_POINT('',(-0.059631416571374,0.052434357481648,-0.003155608916778));
#1139=CARTESIAN_POINT('',(-0.070757307081282,0.038013082076507,-0.008287743168287));
#1140=CARTESIAN_POINT('',(-0.07154520797038,0.039397585232733,-0.008592810415029));
#1141=CARTESIAN_POINT('',(-0.073104510174123,0.041826282968747,-0.008610654958863));
#1142=CARTESIAN_POINT('',(-0.074815391060203,0.043946518061887,-0.007703509568883));
#1143=CARTESIAN_POINT('',(-0.075548475920404,0.044764766339262,-0.007164058224893));
#1144=CARTESIAN_POINT('',(-0.081727679766427,0.028604452642912,-0.014739261974869));
#1145=CARTESIAN_POINT('',(-0.082683500757244,0.030500025031886,-0.015450132849214));
#1146=CARTESIAN_POINT('',(-0.084986638258081,0.033818805249712,-0.015784112887866));
#1147=CARTESIAN_POINT('',(-0.087831953648897,0.036298922849166,-0.014445239573162));
#1148=CARTESIAN_POINT('',(-0.089050690788175,0.037120692126011,-0.013616004211221));
#1149=CARTESIAN_POINT('',(-0.088032169329099,0.022432576899035,-0.021051455512613));
#1150=CARTESIAN_POINT('',(-0.088874212787646,0.024767587717365,-0.021978303666806));
#1151=CARTESIAN_POINT('',(-0.0915090403523,0.028847985173075,-0.022500822364386));
#1152=CARTESIAN_POINT('',(-0.095220888286638,0.031415174711259,-0.020907842000927));
#1153=CARTESIAN_POINT('',(-0.096809915256549,0.032106419007413,-0.01992842510735));
#1154=CARTESIAN_POINT('',(-0.090776052756364,0.019798528079796,-0.024668510245568));
#1155=CARTESIAN_POINT('',(-0.091504974979257,0.022359423164993,-0.025630678629679));
#1156=CARTESIAN_POINT('',(-0.094256207413312,0.026823139705507,-0.026184574505029));
#1157=CARTESIAN_POINT('',(-0.098409502740886,0.029375609837275,-0.024544181946177));
#1158=CARTESIAN_POINT('',(-0.100186856044786,0.029966447576002,-0.023545517021879));
#1159=B_SPLINE_SURFACE_WITH_KNOTS('',3,3,((#1109,#1114,#1119,#1124,#1129,#1134,#1139,#1144,#1149,#1154),(#1110,#1115,#1120,#1125,#1130,#1135,#1140,#1145,#1150,#1155),(#1111,#1116,#1121,#1126,#1131,#1136,#1141,#1146,#1151,#1156),(#1112,#1117,#1122,#1127,#1132,#1137,#1142,#1147,#1152,#1157),(#1113,#1118,#1123,#1128,#1133,#1138,#1143,#1148,#1153,#1158)),.UNSPECIFIED.,.F.,.F.,.U.,(4,1,4),(4,1,1,1,1,1,1,4),(-0.000200619174679,0.571428571428571,1.0),(0.069144677704979,0.115958228229946,0.162771778754914,0.209585329279881,0.256398879804849,0.303212430329817,0.350025980854784,0.396839531379752),.UNSPECIFIED.);
#1160=ORIENTED_EDGE('',*,*,#1093,.F.);
#1161=ORIENTED_EDGE('',*,*,#1003,.T.);
#1162=CARTESIAN_POINT('',(-6.638307E-009,0.029921259779683,-0.023618409267611));
#1163=VERTEX_POINT('',#1162);
#1164=CARTESIAN_POINT('',(2.546981E-009,0.030084906065312,-0.023346399762389));
#1165=DIRECTION('',(-0.000029130926164,-0.515516324820862,-0.856879757022291));
#1166=VECTOR('',#1165,0.000317441770748);
#1167=LINE('',#1164,#1166);
#1168=EDGE_CURVE('',#978,#1163,#1167,.T.);
#1169=ORIENTED_EDGE('',*,*,#1168,.T.);
#1170=CARTESIAN_POINT('',(-0.010039370092069,0.029921259856306,-0.020337467077371));
#1171=VERTEX_POINT('',#1170);
#1172=CARTESIAN_POINT('',(-0.010039370103181,0.02992125984252,-0.020337467098963));
#1173=CARTESIAN_POINT('',(-0.008246194907031,0.02992125984252,-0.02126031850918));
#1174=CARTESIAN_POINT('',(-0.006336607496644,0.029921259842082,-0.022118096807664));
#1175=CARTESIAN_POINT('',(-0.002884524125303,0.029921259842082,-0.023247240738326));
#1176=CARTESIAN_POINT('',(-0.001370088261143,0.02992125984252,-0.023580194886827));
#1177=CARTESIAN_POINT('',(-6.634317E-009,0.02992125984252,-0.023618409124572));
#1178=B_SPLINE_CURVE_WITH_KNOTS('',3,(#1172,#1173,#1174,#1175,#1176,#1177),.UNSPECIFIED.,.F.,.U.,(4,2,4),(-0.009059674371251,-0.004111888276802,-0.000000082219499),.UNSPECIFIED.);
#1179=EDGE_CURVE('',#1171,#1163,#1178,.T.);
#1180=ORIENTED_EDGE('',*,*,#1179,.F.);
#1181=CARTESIAN_POINT('',(-0.010039369336753,0.020586769522621,-0.023622003085037));
#1182=VERTEX_POINT('',#1181);
#1183=CARTESIAN_POINT('',(-0.01003937007874,0.029921259867798,-0.020337467095633));
#1184=CARTESIAN_POINT('',(-0.01003937007874,0.028380362992506,-0.021307224487309));
#1185=CARTESIAN_POINT('',(-0.01003937007872,0.026688473361378,-0.022172411841233));
#1186=CARTESIAN_POINT('',(-0.01003937007872,0.023586109279618,-0.023264737299229));
#1187=CARTESIAN_POINT('',(-0.01003937007874,0.022063302385763,-0.023621121712457));
#1188=CARTESIAN_POINT('',(-0.01003937007874,0.020586769496042,-0.023621956049043));
#1189=B_SPLINE_CURVE_WITH_KNOTS('',3,(#1183,#1184,#1185,#1186,#1187,#1188),.UNSPECIFIED.,.F.,.U.,(4,2,4),(0.000000999992748,0.005462338691406,0.009912862291019),.UNSPECIFIED.);
#1190=EDGE_CURVE('',#1171,#1182,#1189,.T.);
#1191=ORIENTED_EDGE('',*,*,#1190,.T.);
#1192=CARTESIAN_POINT('',(-0.089960630000331,0.020586160749445,-0.023622041895274));
#1193=VERTEX_POINT('',#1192);
#1194=CARTESIAN_POINT('',(-0.010039391610213,0.020586770279475,-0.023622020338565));
#1195=CARTESIAN_POINT('',(-0.012591354632143,0.023048422377251,-0.020433113056041));
#1196=CARTESIAN_POINT('',(-0.01546733502128,0.025864599576223,-0.017623881639162));
#1197=CARTESIAN_POINT('',(-0.021957978767334,0.031838799364706,-0.012568231423099));
#1198=CARTESIAN_POINT('',(-0.025610439960355,0.035001409035727,-0.010395377000539));
#1199=CARTESIAN_POINT('',(-0.033583147181347,0.041259924253782,-0.006929797562914));
#1200=CARTESIAN_POINT('',(-0.037892190870986,0.044355829800816,-0.005641273755475));
#1201=CARTESIAN_POINT('',(-0.047398295701152,0.047452502427076,-0.004260914020049));
#1202=CARTESIAN_POINT('',(-0.052617010832663,0.047453269506303,-0.00426127917436));
#1203=CARTESIAN_POINT('',(-0.062131315163058,0.044307537655319,-0.005646552077983));
#1204=CARTESIAN_POINT('',(-0.066450360515728,0.04116103872511,-0.006940795067326));
#1205=CARTESIAN_POINT('',(-0.074426962517234,0.034878509348438,-0.010415234609888));
#1206=CARTESIAN_POINT('',(-0.07807251032733,0.031742478901977,-0.012588551721115));
#1207=CARTESIAN_POINT('',(-0.084547002127726,0.025824835593864,-0.017638166413195));
#1208=CARTESIAN_POINT('',(-0.087414335713394,0.023038543799772,-0.020440219759336));
#1209=CARTESIAN_POINT('',(-0.089960627487999,0.020586161021413,-0.023622044203513));
#1210=B_SPLINE_CURVE_WITH_KNOTS('',3,(#1194,#1195,#1196,#1197,#1198,#1199,#1200,#1201,#1202,#1203,#1204,#1205,#1206,#1207,#1208,#1209),.UNSPECIFIED.,.F.,.U.,(4,2,2,2,2,2,2,4),(0.073632251695607,0.115958228229946,0.162771778754914,0.209585329279881,0.256398879804849,0.303212430329817,0.350025980854784,0.392263412343278),.UNSPECIFIED.);
#1211=EDGE_CURVE('',#1182,#1193,#1210,.T.);
#1212=ORIENTED_EDGE('',*,*,#1211,.T.);
#1213=CARTESIAN_POINT('',(-0.089960629906918,0.029921259857354,-0.020330835023721));
#1214=VERTEX_POINT('',#1213);
#1215=CARTESIAN_POINT('',(-0.08996062992126,0.029921259869744,-0.020330835043345));
#1216=CARTESIAN_POINT('',(-0.08996062992126,0.028381314161156,-0.021303095481773));
#1217=CARTESIAN_POINT('',(-0.089960629921278,0.026691315121168,-0.022169411067422));
#1218=CARTESIAN_POINT('',(-0.089960629921278,0.023587869919066,-0.023264250914407));
#1219=CARTESIAN_POINT('',(-0.08996062992126,0.022063946486368,-0.02362126825805));
#1220=CARTESIAN_POINT('',(-0.08996062992126,0.020586160746483,-0.023622036194811));
#1221=B_SPLINE_CURVE_WITH_KNOTS('',3,(#1215,#1216,#1217,#1218,#1219,#1220),.UNSPECIFIED.,.F.,.U.,(4,2,4),(-0.009868757948075,-0.004433461678042,-0.000000999992161),.UNSPECIFIED.);
#1222=EDGE_CURVE('',#1214,#1193,#1221,.T.);
#1223=ORIENTED_EDGE('',*,*,#1222,.F.);
#1224=CARTESIAN_POINT('',(-0.100053697818251,0.02992125984252,-0.023619754846211));
#1225=CARTESIAN_POINT('',(-0.098690861337057,0.02992125984252,-0.023589444155272));
#1226=CARTESIAN_POINT('',(-0.097176877150064,0.029921259842512,-0.023263420695957));
#1227=CARTESIAN_POINT('',(-0.093318367611216,0.029921259842512,-0.022005771201814));
#1228=CARTESIAN_POINT('',(-0.091200289670662,0.02992125984252,-0.020969357525857));
#1229=CARTESIAN_POINT('',(-0.08996062989494,0.02992125984252,-0.020330835046976));
#1230=B_SPLINE_CURVE_WITH_KNOTS('',3,(#1224,#1225,#1226,#1227,#1228,#1229),.UNSPECIFIED.,.F.,.U.,(4,2,4),(-0.0070949938646,-0.004183715828279,-0.000000999834793),.UNSPECIFIED.);
#1231=EDGE_CURVE('',#1088,#1214,#1230,.T.);
#1232=ORIENTED_EDGE('',*,*,#1231,.F.);
#1233=EDGE_LOOP('',(#1160,#1161,#1169,#1180,#1191,#1212,#1223,#1232));
#1234=FACE_OUTER_BOUND('',#1233,.T.);
#1235=ADVANCED_FACE('',(#1234),#1159,.F.);
#1236=CARTESIAN_POINT('',(-0.05,-0.051815795022653,-0.05560099806032));
#1237=DIRECTION('',(0.0,1.0,0.0));
#1238=DIRECTION('',(0.0,0.0,-1.0));
#1239=AXIS2_PLACEMENT_3D('',#1236,#1237,#1238);
#1240=CYLINDRICAL_SURFACE('',#1239,0.051181102362205);
#1241=ORIENTED_EDGE('',*,*,#1211,.F.);
#1242=CARTESIAN_POINT('',(-0.010039440905009,-0.020584720381023,-0.023622123333987));
#1243=VERTEX_POINT('',#1242);
#1244=CARTESIAN_POINT('',(-0.01003937007874,-0.020584720381023,-0.023622047244095));
#1245=DIRECTION('',(0.0,1.0,0.0));
#1246=VECTOR('',#1245,0.041171489903644);
#1247=LINE('',#1244,#1246);
#1248=EDGE_CURVE('',#1243,#1182,#1247,.T.);
#1249=ORIENTED_EDGE('',*,*,#1248,.F.);
#1250=CARTESIAN_POINT('',(-0.089960799198918,-0.0205860799753,-0.023621485790139));
#1251=VERTEX_POINT('',#1250);
#1252=CARTESIAN_POINT('',(-0.089960818896516,-0.020586060999552,-0.023621510438332));
#1253=CARTESIAN_POINT('',(-0.086013708239017,-0.024388523259351,-0.018682369914571));
#1254=CARTESIAN_POINT('',(-0.079696973106429,-0.030568764395564,-0.013269199636533));
#1255=CARTESIAN_POINT('',(-0.068622960444883,-0.039612162310132,-0.007618678978284));
#1256=CARTESIAN_POINT('',(-0.05783023007783,-0.047394906978158,-0.00429447521352));
#1257=CARTESIAN_POINT('',(-0.044816012772541,-0.047606655998383,-0.004251546359877));
#1258=CARTESIAN_POINT('',(-0.035726285126017,-0.042611177075504,-0.006303178337595));
#1259=CARTESIAN_POINT('',(-0.027462649914925,-0.036806909378275,-0.00928149524726));
#1260=CARTESIAN_POINT('',(-0.018631005073405,-0.02880271755342,-0.014550386500538));
#1261=CARTESIAN_POINT('',(-0.0125901715548,-0.023031447645266,-0.020436375906549));
#1262=CARTESIAN_POINT('',(-0.010039582557547,-0.020584698741931,-0.02362202873047));
#1263=B_SPLINE_CURVE_WITH_KNOTS('',3,(#1252,#1253,#1254,#1255,#1256,#1257,#1258,#1259,#1260,#1261,#1262),.UNSPECIFIED.,.F.,.U.,(4,1,1,1,1,1,1,1,4),(0.073642956982779,0.139282182785721,0.162688959306428,0.209502512347843,0.256316065389258,0.279722841909966,0.303129618430673,0.349943171472088,0.392267013351013),.UNSPECIFIED.);
#1264=EDGE_CURVE('',#1251,#1243,#1263,.T.);
#1265=ORIENTED_EDGE('',*,*,#1264,.F.);
#1266=CARTESIAN_POINT('',(-0.08996062992126,0.020586160749445,-0.023622047244094));
#1267=DIRECTION('',(0.0,-1.0,0.0));
#1268=VECTOR('',#1267,0.041172282055203);
#1269=LINE('',#1266,#1268);
#1270=EDGE_CURVE('',#1193,#1251,#1269,.T.);
#1271=ORIENTED_EDGE('',*,*,#1270,.F.);
#1272=EDGE_LOOP('',(#1241,#1249,#1265,#1271));
#1273=FACE_OUTER_BOUND('',#1272,.T.);
#1274=ADVANCED_FACE('',(#1273),#1240,.F.);
#1275=CARTESIAN_POINT('',(-0.142370469948769,-0.059535627603591,0.000204616197305));
#1276=CARTESIAN_POINT('',(-0.141871579686525,-0.060062368140353,0.000086702491115));
#1277=CARTESIAN_POINT('',(-0.140970758561043,-0.060984248637897,-0.000002459760428));
#1278=CARTESIAN_POINT('',(-0.140048857805333,-0.061878132290876,0.000116161826282));
#1279=CARTESIAN_POINT('',(-0.139653712490529,-0.062252383718856,0.000204621879734));
#1280=CARTESIAN_POINT('',(-0.134694154949286,-0.050086515003064,-0.001607677414929));
#1281=CARTESIAN_POINT('',(-0.133894187457465,-0.050969359204464,-0.001877889792463));
#1282=CARTESIAN_POINT('',(-0.132411972637774,-0.052514360920783,-0.002082574941357));
#1283=CARTESIAN_POINT('',(-0.130866841443002,-0.05397594537976,-0.001810232110088));
#1284=CARTESIAN_POINT('',(-0.130204582816104,-0.054576083278882,-0.001607664767639));
#1285=CARTESIAN_POINT('',(-0.122057160593646,-0.034531285733137,-0.007921157197165));
#1286=CARTESIAN_POINT('',(-0.120908088684296,-0.036071645740599,-0.008723203845193));
#1287=CARTESIAN_POINT('',(-0.118502703753607,-0.038770266568326,-0.009346965565762));
#1288=CARTESIAN_POINT('',(-0.115805470662824,-0.041077807169699,-0.008523899859533));
#1289=CARTESIAN_POINT('',(-0.114649320284079,-0.041939103897452,-0.00792111581817));
#1290=CARTESIAN_POINT('',(-0.11301593027963,-0.023402832331984,-0.018569066453736));
#1291=CARTESIAN_POINT('',(-0.112150149535791,-0.025717250853086,-0.019727451721212));
#1292=CARTESIAN_POINT('',(-0.109320678734279,-0.029764911149935,-0.020696638151127));
#1293=CARTESIAN_POINT('',(-0.105259698750137,-0.032251345469027,-0.019439245628522));
#1294=CARTESIAN_POINT('',(-0.103520824457596,-0.032897854242647,-0.018569007566986));
#1295=CARTESIAN_POINT('',(-0.11003520927265,-0.019734100015963,-0.023629106572668));
#1296=CARTESIAN_POINT('',(-0.109358970617736,-0.02236436870682,-0.024780034807669));
#1297=CARTESIAN_POINT('',(-0.106435706542955,-0.026946953605998,-0.025757392161719));
#1298=CARTESIAN_POINT('',(-0.101825210748925,-0.029409837838564,-0.024492434175705));
#1299=CARTESIAN_POINT('',(-0.09985208371033,-0.029917131614816,-0.023629051218497));
#1300=B_SPLINE_SURFACE_WITH_KNOTS('',3,3,((#1275,#1280,#1285,#1290,#1295),(#1276,#1281,#1286,#1291,#1296),(#1277,#1282,#1287,#1292,#1297),(#1278,#1283,#1288,#1293,#1298),(#1279,#1284,#1289,#1294,#1299)),.UNSPECIFIED.,.F.,.F.,.F.,(4,1,4),(4,1,4),(-0.000351529871261,0.571428571428571,1.000360701673896),(-1.338866056268321,-0.876515960151669,-0.532295889523389),.UNSPECIFIED.);
#1301=CARTESIAN_POINT('',(-0.100053542342281,-0.029921259836891,-0.023619751392186));
#1302=VERTEX_POINT('',#1301);
#1303=CARTESIAN_POINT('',(-0.100036788881552,-0.030061664664883,-0.023385258466182));
#1304=VERTEX_POINT('',#1303);
#1305=CARTESIAN_POINT('',(-0.100053542544305,-0.029921256651638,-0.023619756693643));
#1306=CARTESIAN_POINT('',(-0.100050754359534,-0.02994445686739,-0.023581143939854));
#1307=CARTESIAN_POINT('',(-0.100047636140888,-0.029970261224742,-0.023538118243757));
#1308=CARTESIAN_POINT('',(-0.100040073821219,-0.030029995769779,-0.023438356277052));
#1309=CARTESIAN_POINT('',(-0.100037908022485,-0.030043161651502,-0.023416258518293));
#1310=CARTESIAN_POINT('',(-0.100033647523578,-0.030053556719958,-0.023398846053141));
#1311=CARTESIAN_POINT('',(-0.100037910872374,-0.030055629807649,-0.023395380648288));
#1312=CARTESIAN_POINT('',(-0.100037207075177,-0.03006155468347,-0.023385450553346));
#1313=B_SPLINE_CURVE_WITH_KNOTS('',3,(#1305,#1306,#1307,#1308,#1309,#1310,#1311,#1312),.UNSPECIFIED.,.F.,.U.,(4,2,2,4),(-0.000154790754589,-0.000099602508368,0.000000013837428,0.000058261989317),.UNSPECIFIED.);
#1314=EDGE_CURVE('',#1302,#1304,#1313,.T.);
#1315=ORIENTED_EDGE('',*,*,#1314,.T.);
#1316=CARTESIAN_POINT('',(-0.138628269015153,-0.061417470449318,0.000000011531665));
#1317=VERTEX_POINT('',#1316);
#1318=CARTESIAN_POINT('',(-0.154133858267717,-0.074015748031496,-0.049606299212598));
#1319=DIRECTION('',(0.630592625094465,-0.776114000116266,2.692686E-016));
#1320=DIRECTION('',(0.776114000116266,0.630592625094465,0.0));
#1321=AXIS2_PLACEMENT_3D('',#1318,#1319,#1320);
#1322=ELLIPSE('',#1321,0.081163496567277,0.051181102362205);
#1323=EDGE_CURVE('',#1304,#1317,#1322,.T.);
#1324=ORIENTED_EDGE('',*,*,#1323,.T.);
#1325=CARTESIAN_POINT('',(-0.141535580896499,-0.058510159799106,0.000000011585927));
#1326=VERTEX_POINT('',#1325);
#1327=CARTESIAN_POINT('',(-0.141535739699916,-0.058510082532421,-8.215356E-019));
#1328=CARTESIAN_POINT('',(-0.141535663871708,-0.059022342197082,-8.210008E-019));
#1329=CARTESIAN_POINT('',(-0.141472893514204,-0.059504979313294,-4.268512E-019));
#1330=CARTESIAN_POINT('',(-0.141210848507399,-0.060197960276602,-4.268512E-019));
#1331=CARTESIAN_POINT('',(-0.141064936670583,-0.060448094922081,-9.987982E-014));
#1332=CARTESIAN_POINT('',(-0.14068169154323,-0.060855564377798,-9.987982E-014));
#1333=CARTESIAN_POINT('',(-0.140466802601776,-0.061005488533533,2.840961E-017));
#1334=CARTESIAN_POINT('',(-0.140004455787729,-0.061223143848328,2.841475E-017));
#1335=CARTESIAN_POINT('',(-0.139767423468642,-0.061293480129167,7.324661E-016));
#1336=CARTESIAN_POINT('',(-0.139233183235723,-0.061396053344895,7.324661E-016));
#1337=CARTESIAN_POINT('',(-0.138927317319991,-0.061417572928159,1.698558E-019));
#1338=CARTESIAN_POINT('',(-0.138628192768908,-0.06141762947469,4.270168E-020));
#1339=B_SPLINE_CURVE_WITH_KNOTS('',3,(#1327,#1328,#1329,#1330,#1331,#1332,#1333,#1334,#1335,#1336,#1337,#1338),.UNSPECIFIED.,.F.,.U.,(4,2,2,2,2,4),(0.00000265009796,0.003906375095599,0.006457988922025,0.008777984717606,0.010911046610631,0.013521018522159),.UNSPECIFIED.);
#1340=EDGE_CURVE('',#1326,#1317,#1339,.T.);
#1341=ORIENTED_EDGE('',*,*,#1340,.F.);
#1342=CARTESIAN_POINT('',(-0.11003937007874,-0.019745608721987,-0.023622047244095));
#1343=VERTEX_POINT('',#1342);
#1344=CARTESIAN_POINT('',(-0.154133858267717,-0.074015748031496,-0.049606299212598));
#1345=DIRECTION('',(-0.776114000116265,0.630592625094466,-3.314076E-016));
#1346=DIRECTION('',(0.630592625094466,0.776114000116265,-3.679364E-032));
#1347=AXIS2_PLACEMENT_3D('',#1344,#1345,#1346);
#1348=ELLIPSE('',#1347,0.081163496567277,0.051181102362205);
#1349=EDGE_CURVE('',#1326,#1343,#1348,.T.);
#1350=ORIENTED_EDGE('',*,*,#1349,.T.);
#1351=CARTESIAN_POINT('',(-0.110039370097843,-0.029921259861609,-0.019660650691452));
#1352=VERTEX_POINT('',#1351);
#1353=CARTESIAN_POINT('',(-0.11003937007874,-0.029921259879254,-0.019660650719051));
#1354=CARTESIAN_POINT('',(-0.11003937007874,-0.028170214336177,-0.020780148179887));
#1355=CARTESIAN_POINT('',(-0.110039370078484,-0.026201586704111,-0.021864561530381));
#1356=CARTESIAN_POINT('',(-0.110039370078484,-0.022676201392005,-0.023238318089623));
#1357=CARTESIAN_POINT('',(-0.11003937007874,-0.021139158496198,-0.023622047244094));
#1358=CARTESIAN_POINT('',(-0.11003937007874,-0.019745608721987,-0.023622047244094));
#1359=B_SPLINE_CURVE_WITH_KNOTS('',3,(#1353,#1354,#1355,#1356,#1357,#1358),.UNSPECIFIED.,.F.,.U.,(4,2,4),(-0.009231432306121,-0.004181076531841,-0.000000999975375),.UNSPECIFIED.);
#1360=EDGE_CURVE('',#1352,#1343,#1359,.T.);
#1361=ORIENTED_EDGE('',*,*,#1360,.F.);
#1362=CARTESIAN_POINT('',(-0.110039370115501,-0.02992125984252,-0.019660650718804));
#1363=CARTESIAN_POINT('',(-0.109166092690864,-0.02992125984252,-0.020224430336199));
#1364=CARTESIAN_POINT('',(-0.108268207113967,-0.02992125984252,-0.020761396372854));
#1365=CARTESIAN_POINT('',(-0.106447683628057,-0.02992125984252,-0.021736611227818));
#1366=CARTESIAN_POINT('',(-0.105502608191054,-0.029921259842514,-0.022188935932906));
#1367=CARTESIAN_POINT('',(-0.102804823460124,-0.029921259842514,-0.023258738290532));
#1368=CARTESIAN_POINT('',(-0.101325113434488,-0.02992125984252,-0.023589219867701));
#1369=CARTESIAN_POINT('',(-0.100053542341956,-0.02992125984252,-0.023619751378622));
#1370=B_SPLINE_CURVE_WITH_KNOTS('',3,(#1362,#1363,#1364,#1365,#1366,#1367,#1368,#1369),.UNSPECIFIED.,.F.,.U.,(4,2,2,4),(0.000000999997801,0.003118762152146,0.006181450903717,0.011805979726688),.UNSPECIFIED.);
#1371=EDGE_CURVE('',#1352,#1302,#1370,.T.);
#1372=ORIENTED_EDGE('',*,*,#1371,.T.);
#1373=EDGE_LOOP('',(#1315,#1324,#1341,#1350,#1361,#1372));
#1374=FACE_OUTER_BOUND('',#1373,.T.);
#1375=ADVANCED_FACE('',(#1374),#1300,.F.);
#1376=CARTESIAN_POINT('',(-0.152491008607281,-0.074015748031496,-0.049606299212598));
#1377=DIRECTION('',(1.0,0.0,0.0));
#1378=DIRECTION('',(0.0,-0.861538461538462,-0.507692307692307));
#1379=AXIS2_PLACEMENT_3D('',#1376,#1377,#1378);
#1380=CYLINDRICAL_SURFACE('',#1379,0.051181102362205);
#1381=ORIENTED_EDGE('',*,*,#1323,.F.);
#1382=CARTESIAN_POINT('',(-0.000000011185795,-0.030084880220329,-0.023346387818368));
#1383=VERTEX_POINT('',#1382);
#1384=CARTESIAN_POINT('',(-0.000000011949372,-0.030084864184376,-0.023346381327603));
#1385=CARTESIAN_POINT('',(-0.00333911165121,-0.032200733640921,-0.019806237741023));
#1386=CARTESIAN_POINT('',(-0.011033022363837,-0.03706537891783,-0.013600391167567));
#1387=CARTESIAN_POINT('',(-0.022261722972215,-0.043783566625754,-0.008157489213313));
#1388=CARTESIAN_POINT('',(-0.032432350924329,-0.048499534129752,-0.005179172303647));
#1389=CARTESIAN_POINT('',(-0.043619708027743,-0.052558360754591,-0.003127540325929));
#1390=CARTESIAN_POINT('',(-0.059637206249637,-0.052386314675659,-0.003170469179572));
#1391=CARTESIAN_POINT('',(-0.072920566701394,-0.046062834632888,-0.006494672944336));
#1392=CARTESIAN_POINT('',(-0.08694016881728,-0.03850479695997,-0.012306899163537));
#1393=CARTESIAN_POINT('',(-0.095001263889777,-0.033254734627417,-0.018034332338066));
#1394=CARTESIAN_POINT('',(-0.100036566018844,-0.03006171886231,-0.023385175460099));
#1395=B_SPLINE_CURVE_WITH_KNOTS('',3,(#1384,#1385,#1386,#1387,#1388,#1389,#1390,#1391,#1392,#1393,#1394),.UNSPECIFIED.,.F.,.U.,(4,1,1,1,1,1,1,1,4),(-0.395983903531871,-0.349943171472088,-0.303129618430673,-0.279722841909966,-0.256316065389258,-0.209502512347843,-0.162688959306428,-0.139282182785721,-0.069754953214698),.UNSPECIFIED.);
#1396=EDGE_CURVE('',#1383,#1304,#1395,.T.);
#1397=ORIENTED_EDGE('',*,*,#1396,.F.);
#1398=CARTESIAN_POINT('',(0.100036567791196,-0.030061706407253,-0.023385190168328));
#1399=VERTEX_POINT('',#1398);
#1400=CARTESIAN_POINT('',(0.100036569224802,-0.03006171574373,-0.023385198867071));
#1401=CARTESIAN_POINT('',(0.096694994709485,-0.03218064505588,-0.019835098437314));
#1402=CARTESIAN_POINT('',(0.088984070592137,-0.037158408139836,-0.01358417018172));
#1403=CARTESIAN_POINT('',(0.075548475920404,-0.044764766339262,-0.007164058224893));
#1404=CARTESIAN_POINT('',(0.059631416571374,-0.052434357481648,-0.003155608916778));
#1405=CARTESIAN_POINT('',(0.040387923414836,-0.052432487726033,-0.003155529813345));
#1406=CARTESIAN_POINT('',(0.024494056631695,-0.044886217955139,-0.007124460279497));
#1407=CARTESIAN_POINT('',(0.011048811956923,-0.037219769320412,-0.01355824711267));
#1408=CARTESIAN_POINT('',(0.00333934094857,-0.032203269294966,-0.019805568441972));
#1409=CARTESIAN_POINT('',(-0.000000014113475,-0.030084906743689,-0.023346398585019));
#1410=B_SPLINE_CURVE_WITH_KNOTS('',3,(#1400,#1401,#1402,#1403,#1404,#1405,#1406,#1407,#1408,#1409),.UNSPECIFIED.,.F.,.U.,(4,1,1,1,1,1,1,4),(-0.396146594418574,-0.350025980854787,-0.303212430329819,-0.256398879804852,-0.209585329279884,-0.162771778754916,-0.115958228229949,-0.069917350921628),.UNSPECIFIED.);
#1411=EDGE_CURVE('',#1399,#1383,#1410,.T.);
#1412=ORIENTED_EDGE('',*,*,#1411,.F.);
#1413=CARTESIAN_POINT('',(0.138628263064522,-0.061417469205204,0.000000011215533));
#1414=VERTEX_POINT('',#1413);
#1415=CARTESIAN_POINT('',(0.154133858267717,-0.074015748031496,-0.049606299212598));
#1416=DIRECTION('',(-0.630592625094465,-0.776114000116266,0.0));
#1417=DIRECTION('',(-0.776114000116266,0.630592625094465,0.0));
#1418=AXIS2_PLACEMENT_3D('',#1415,#1416,#1417);
#1419=ELLIPSE('',#1418,0.081163496567277,0.051181102362205);
#1420=EDGE_CURVE('',#1414,#1399,#1419,.T.);
#1421=ORIENTED_EDGE('',*,*,#1420,.F.);
#1422=CARTESIAN_POINT('',(-0.138628269015153,-0.061417322834646,0.0));
#1423=DIRECTION('',(1.0,0.0,0.0));
#1424=VECTOR('',#1423,0.277256532079675);
#1425=LINE('',#1422,#1424);
#1426=EDGE_CURVE('',#1317,#1414,#1425,.T.);
#1427=ORIENTED_EDGE('',*,*,#1426,.F.);
#1428=EDGE_LOOP('',(#1381,#1397,#1412,#1421,#1427));
#1429=FACE_OUTER_BOUND('',#1428,.T.);
#1430=ADVANCED_FACE('',(#1429),#1380,.F.);
#1431=CARTESIAN_POINT('',(-0.090776820536389,-0.019801224393965,-0.024669523055827));
#1432=CARTESIAN_POINT('',(-0.091506078714206,-0.022361213743117,-0.025630900741088));
#1433=CARTESIAN_POINT('',(-0.094257095942241,-0.026823741649708,-0.026184256633471));
#1434=CARTESIAN_POINT('',(-0.098409670186809,-0.02937571274256,-0.024544115810785));
#1435=CARTESIAN_POINT('',(-0.100187106891948,-0.029966530960687,-0.023545376073106));
#1436=CARTESIAN_POINT('',(-0.086661164040785,-0.023751950395532,-0.019243872119805));
#1437=CARTESIAN_POINT('',(-0.087559855860113,-0.025973238635757,-0.020152306229022));
#1438=CARTESIAN_POINT('',(-0.090136199088863,-0.029861010004911,-0.020658628434098));
#1439=CARTESIAN_POINT('',(-0.093626710292258,-0.032435068310436,-0.01908959562644));
#1440=CARTESIAN_POINT('',(-0.095121643643433,-0.033176517094303,-0.018119729211947));
#1441=CARTESIAN_POINT('',(-0.080070382256023,-0.030263826372832,-0.013459731847237));
#1442=CARTESIAN_POINT('',(-0.081018452773779,-0.032063353132295,-0.014094551048927));
#1443=CARTESIAN_POINT('',(-0.083217429409478,-0.035213069090189,-0.014365237416834));
#1444=CARTESIAN_POINT('',(-0.085872384808807,-0.03763819390527,-0.013110218322945));
#1445=CARTESIAN_POINT('',(-0.08700986176871,-0.038467428713971,-0.012335616496392));
#1446=CARTESIAN_POINT('',(-0.068622960444883,-0.039612162310132,-0.007618678978284));
#1447=CARTESIAN_POINT('',(-0.069334921336193,-0.040928366784197,-0.007872295528762));
#1448=CARTESIAN_POINT('',(-0.07073317357784,-0.043238418710566,-0.007853640465148));
#1449=CARTESIAN_POINT('',(-0.072264384696888,-0.045271765266134,-0.006997299853855));
#1450=CARTESIAN_POINT('',(-0.07292065932051,-0.046062946291688,-0.006494602000195));
#1451=CARTESIAN_POINT('',(-0.05783023007783,-0.047394906978158,-0.00429447521352));
#1452=CARTESIAN_POINT('',(-0.05816421867745,-0.048373538108382,-0.004282236205149));
#1453=CARTESIAN_POINT('',(-0.058764208760942,-0.050090303233621,-0.004061707177977));
#1454=CARTESIAN_POINT('',(-0.059375331463465,-0.051715602969984,-0.003479653941665));
#1455=CARTESIAN_POINT('',(-0.059637243212875,-0.052386409345792,-0.003170425538999));
#1456=CARTESIAN_POINT('',(-0.044816012772541,-0.047606655998383,-0.004251546359877));
#1457=CARTESIAN_POINT('',(-0.044592917869775,-0.048577566337222,-0.00423492979785));
#1458=CARTESIAN_POINT('',(-0.044196085271558,-0.050281818745418,-0.004012927036293));
#1459=CARTESIAN_POINT('',(-0.043792620173997,-0.051893271261361,-0.003433967424872));
#1460=CARTESIAN_POINT('',(-0.04361968362145,-0.052558454631155,-0.003127497074586));
#1461=CARTESIAN_POINT('',(-0.035726285126017,-0.042611177075504,-0.006303178337595));
#1462=CARTESIAN_POINT('',(-0.035164083008619,-0.043795865372767,-0.006451611456241));
#1463=CARTESIAN_POINT('',(-0.03408619249946,-0.045873684412694,-0.006350968648646));
#1464=CARTESIAN_POINT('',(-0.03292847270728,-0.047752562830489,-0.005604822633464));
#1465=CARTESIAN_POINT('',(-0.032432280897475,-0.048499639564029,-0.005179112224438));
#1466=CARTESIAN_POINT('',(-0.027462649914925,-0.036806909378275,-0.00928149524726));
#1467=CARTESIAN_POINT('',(-0.026648763810427,-0.038263331782055,-0.009648467073442));
#1468=CARTESIAN_POINT('',(-0.024967882432811,-0.040816094839552,-0.009712882180879));
#1469=CARTESIAN_POINT('',(-0.023073441430897,-0.042974413538051,-0.008740627157895));
#1470=CARTESIAN_POINT('',(-0.022261608399359,-0.04378368083728,-0.008157406905363));
#1471=CARTESIAN_POINT('',(-0.018278685322676,-0.028483407286859,-0.014760577748746));
#1472=CARTESIAN_POINT('',(-0.017322477417938,-0.030382770059541,-0.015472886377466));
#1473=CARTESIAN_POINT('',(-0.015019943829843,-0.033708304025162,-0.015807156906321));
#1474=CARTESIAN_POINT('',(-0.012176439032796,-0.036195733235127,-0.014467038233625));
#1475=CARTESIAN_POINT('',(-0.010958210008647,-0.037020837623902,-0.013636454497383));
#1476=CARTESIAN_POINT('',(-0.011984041452003,-0.022451494463014,-0.021033674356478));
#1477=CARTESIAN_POINT('',(-0.011141392975262,-0.024784427939692,-0.021959282743822));
#1478=CARTESIAN_POINT('',(-0.008507647845196,-0.028861607782957,-0.022480859848381));
#1479=CARTESIAN_POINT('',(-0.004798940541103,-0.031428200505568,-0.02088870024844));
#1480=CARTESIAN_POINT('',(-0.003210903823525,-0.03211988962693,-0.019909530135597));
#1481=CARTESIAN_POINT('',(-0.009238718257713,-0.019816140619757,-0.024649049014479));
#1482=CARTESIAN_POINT('',(-0.008508843530908,-0.022374860644374,-0.025610236606634));
#1483=CARTESIAN_POINT('',(-0.00575845385931,-0.026835202205367,-0.026163398167702));
#1484=CARTESIAN_POINT('',(-0.001608385071357,-0.029387269990317,-0.024523532503566));
#1485=CARTESIAN_POINT('',(0.000167982071338,-0.029978650473491,-0.023524902047181));
#1486=B_SPLINE_SURFACE_WITH_KNOTS('',3,3,((#1431,#1436,#1441,#1446,#1451,#1456,#1461,#1466,#1471,#1476,#1481),(#1432,#1437,#1442,#1447,#1452,#1457,#1462,#1467,#1472,#1477,#1482),(#1433,#1438,#1443,#1448,#1453,#1458,#1463,#1468,#1473,#1478,#1483),(#1434,#1439,#1444,#1449,#1454,#1459,#1464,#1469,#1474,#1479,#1484),(#1435,#1440,#1445,#1450,#1455,#1460,#1465,#1470,#1475,#1480,#1485)),.UNSPECIFIED.,.F.,.F.,.F.,(4,1,4),(4,1,1,1,1,1,1,1,4),(0.0,0.571428571428571,1.000020162176459),(0.069061853223599,0.139282182785721,0.162688959306428,0.209502512347843,0.256316065389258,0.279722841909966,0.303129618430673,0.349943171472088,0.396756724513503),.UNSPECIFIED.);
#1487=ORIENTED_EDGE('',*,*,#1314,.F.);
#1488=CARTESIAN_POINT('',(-0.089960629904062,-0.029921259860308,-0.020327696925884));
#1489=VERTEX_POINT('',#1488);
#1490=CARTESIAN_POINT('',(-0.100053542342396,-0.02992125984252,-0.023619751387012));
#1491=CARTESIAN_POINT('',(-0.098562649316724,-0.02992125984252,-0.023586568082022));
#1492=CARTESIAN_POINT('',(-0.096889829265502,-0.02992125984252,-0.023199156169761));
#1493=CARTESIAN_POINT('',(-0.093390313406621,-0.02992125984252,-0.021987119201987));
#1494=CARTESIAN_POINT('',(-0.091629756805039,-0.02992125984252,-0.021187262036788));
#1495=CARTESIAN_POINT('',(-0.089960629889705,-0.02992125984252,-0.020327696953763));
#1496=B_SPLINE_CURVE_WITH_KNOTS('',3,(#1490,#1491,#1492,#1493,#1494,#1495),.UNSPECIFIED.,.F.,.U.,(4,2,4),(0.000000201309951,0.004473887331362,0.008936799715775),.UNSPECIFIED.);
#1497=EDGE_CURVE('',#1302,#1489,#1496,.T.);
#1498=ORIENTED_EDGE('',*,*,#1497,.T.);
#1499=CARTESIAN_POINT('',(-0.08996062992126,-0.029921259875158,-0.020327696949423));
#1500=CARTESIAN_POINT('',(-0.08996062992126,-0.028380742754122,-0.021299548169208));
#1501=CARTESIAN_POINT('',(-0.089960629921281,-0.026688392313996,-0.022167131309302));
#1502=CARTESIAN_POINT('',(-0.089960629921281,-0.02358614719457,-0.023262380148384));
#1503=CARTESIAN_POINT('',(-0.08996062992126,-0.02206279507826,-0.023619987092193));
#1504=CARTESIAN_POINT('',(-0.08996062992126,-0.020586243049551,-0.023621273969207));
#1505=B_SPLINE_CURVE_WITH_KNOTS('',3,(#1499,#1500,#1501,#1502,#1503,#1504),.UNSPECIFIED.,.F.,.U.,(4,2,4),(0.000000999992685,0.005465276392675,0.009916113125487),.UNSPECIFIED.);
#1506=EDGE_CURVE('',#1489,#1251,#1505,.T.);
#1507=ORIENTED_EDGE('',*,*,#1506,.T.);
#1508=ORIENTED_EDGE('',*,*,#1264,.T.);
#1509=CARTESIAN_POINT('',(-0.010039370093197,-0.029921259857481,-0.020321608965183));
#1510=VERTEX_POINT('',#1509);
#1511=CARTESIAN_POINT('',(-0.01003937007874,-0.029921259869989,-0.02032160898493));
#1512=CARTESIAN_POINT('',(-0.01003937007874,-0.028381679904548,-0.021296753294565));
#1513=CARTESIAN_POINT('',(-0.010039370078731,-0.026692499461373,-0.022165839561345));
#1514=CARTESIAN_POINT('',(-0.010039370078731,-0.023587846028174,-0.023264074539204));
#1515=CARTESIAN_POINT('',(-0.01003937007874,-0.022063172568212,-0.023621725002864));
#1516=CARTESIAN_POINT('',(-0.01003937007874,-0.020584720446722,-0.023622294031555));
#1517=B_SPLINE_CURVE_WITH_KNOTS('',3,(#1511,#1512,#1513,#1514,#1515,#1516),.UNSPECIFIED.,.F.,.U.,(4,2,4),(-0.00987346786917,-0.004435034063816,-0.000000225532799),.UNSPECIFIED.);
#1518=EDGE_CURVE('',#1510,#1243,#1517,.T.);
#1519=ORIENTED_EDGE('',*,*,#1518,.F.);
#1520=CARTESIAN_POINT('',(4.464222E-009,-0.029921259823807,-0.023618409299303));
#1521=VERTEX_POINT('',#1520);
#1522=CARTESIAN_POINT('',(4.460465E-009,-0.02992125984252,-0.023618409434019));
#1523=CARTESIAN_POINT('',(-0.001279632575539,-0.02992125984252,-0.023582719272255));
#1524=CARTESIAN_POINT('',(-0.002852147286869,-0.029921259842511,-0.023289146663784));
#1525=CARTESIAN_POINT('',(-0.006624174419445,-0.029921259842511,-0.021975087761206));
#1526=CARTESIAN_POINT('',(-0.008378547807025,-0.02992125984252,-0.021176134764447));
#1527=CARTESIAN_POINT('',(-0.010039370105283,-0.02992125984252,-0.020321608988672));
#1528=B_SPLINE_CURVE_WITH_KNOTS('',3,(#1522,#1523,#1524,#1525,#1526,#1527),.UNSPECIFIED.,.F.,.U.,(4,2,4),(-0.012150596657024,-0.005603777059468,-0.000000999994386),.UNSPECIFIED.);
#1529=EDGE_CURVE('',#1521,#1510,#1528,.T.);
#1530=ORIENTED_EDGE('',*,*,#1529,.F.);
#1531=CARTESIAN_POINT('',(-7.489513E-009,-0.030084865590328,-0.023346379019355));
#1532=DIRECTION('',(0.000037925205716,0.515393396120599,-0.856953701081309));
#1533=VECTOR('',#1532,0.000317438687293);
#1534=LINE('',#1531,#1533);
#1535=EDGE_CURVE('',#1383,#1521,#1534,.T.);
#1536=ORIENTED_EDGE('',*,*,#1535,.F.);
#1537=ORIENTED_EDGE('',*,*,#1396,.T.);
#1538=EDGE_LOOP('',(#1487,#1498,#1507,#1508,#1519,#1530,#1536,#1537));
#1539=FACE_OUTER_BOUND('',#1538,.T.);
#1540=ADVANCED_FACE('',(#1539),#1486,.F.);
#1541=CARTESIAN_POINT('',(0.11003520927943,-0.019734100011624,-0.023629106561148));
#1542=CARTESIAN_POINT('',(0.109358970625844,-0.022364368705266,-0.024780034799012));
#1543=CARTESIAN_POINT('',(0.106435706552013,-0.02694695360572,-0.025757392154736));
#1544=CARTESIAN_POINT('',(0.101825210759169,-0.029409837839842,-0.02449243416986));
#1545=CARTESIAN_POINT('',(0.099852083723543,-0.029917131617083,-0.023629051214658));
#1546=CARTESIAN_POINT('',(0.113015930286514,-0.023402832328077,-0.01856906644512));
#1547=CARTESIAN_POINT('',(0.112150149543336,-0.025717250851691,-0.01972745171534));
#1548=CARTESIAN_POINT('',(0.109320678742506,-0.029764911149578,-0.020696638146787));
#1549=CARTESIAN_POINT('',(0.105259698759124,-0.032251345469801,-0.01943924562548));
#1550=CARTESIAN_POINT('',(0.103520824469144,-0.032897854243767,-0.018569007566104));
#1551=CARTESIAN_POINT('',(0.122057176096561,-0.03453130480417,-0.007921138943072));
#1552=CARTESIAN_POINT('',(0.120908103700886,-0.036071663486687,-0.008723184982315));
#1553=CARTESIAN_POINT('',(0.118502719497149,-0.038770282002615,-0.009346946111849));
#1554=CARTESIAN_POINT('',(0.115805488743811,-0.041077822297712,-0.008523881150868));
#1555=CARTESIAN_POINT('',(0.114649339365467,-0.041939119392735,-0.007921097569464));
#1556=CARTESIAN_POINT('',(0.134694198270282,-0.050086568321248,-0.001607655772123));
#1557=CARTESIAN_POINT('',(0.133894231974288,-0.050969410269843,-0.001877866327299));
#1558=CARTESIAN_POINT('',(0.132412020318972,-0.05251440803195,-0.002082550040008));
#1559=CARTESIAN_POINT('',(0.130866893073304,-0.053975989591321,-0.001810209096789));
#1560=CARTESIAN_POINT('',(0.130204636140293,-0.054576126594489,-0.001607643126733));
#1561=CARTESIAN_POINT('',(0.142370538806389,-0.059535712359276,0.000204632453782));
#1562=CARTESIAN_POINT('',(0.141871651244211,-0.060062449702467,0.000086720113384));
#1563=CARTESIAN_POINT('',(0.140970835333676,-0.06098432461081,-0.000002441102089));
#1564=CARTESIAN_POINT('',(0.140048940168178,-0.061878203171696,0.000116179105656));
#1565=CARTESIAN_POINT('',(0.139653797249882,-0.062252452573016,0.000204638135361));
#1566=B_SPLINE_SURFACE_WITH_KNOTS('',3,3,((#1541,#1546,#1551,#1556,#1561),(#1542,#1547,#1552,#1557,#1562),(#1543,#1548,#1553,#1558,#1563),(#1544,#1549,#1554,#1559,#1564),(#1545,#1550,#1555,#1560,#1565)),.UNSPECIFIED.,.F.,.F.,.F.,(4,1,4),(4,1,4),(-0.000351530569423,0.571428571428571,1.000360701100197),(0.532295889689021,0.876515960151669,1.338867438679772),.UNSPECIFIED.);
#1567=CARTESIAN_POINT('',(0.110039370097844,-0.02992125986161,-0.019660650691451));
#1568=VERTEX_POINT('',#1567);
#1569=CARTESIAN_POINT('',(0.11003937007874,-0.029921259879255,-0.01966065071905));
#1570=CARTESIAN_POINT('',(0.11003937007874,-0.028170213191517,-0.020780148911703));
#1571=CARTESIAN_POINT('',(0.110039370078482,-0.02620158395779,-0.021864563058384));
#1572=CARTESIAN_POINT('',(0.110039370078482,-0.022676198781182,-0.023238318728064));
#1573=CARTESIAN_POINT('',(0.11003937007874,-0.021139157327756,-0.023622047244094));
#1574=CARTESIAN_POINT('',(0.11003937007874,-0.019745608721987,-0.023622047244094));
#1575=B_SPLINE_CURVE_WITH_KNOTS('',3,(#1569,#1570,#1571,#1572,#1573,#1574),.UNSPECIFIED.,.F.,.U.,(4,2,4),(0.000000999987236,0.006235432110453,0.011395535779306),.UNSPECIFIED.);
#1576=EDGE_CURVE('',#1568,#954,#1575,.T.);
#1577=ORIENTED_EDGE('',*,*,#1576,.T.);
#1578=ORIENTED_EDGE('',*,*,#960,.T.);
#1579=CARTESIAN_POINT('',(0.138628124872321,-0.061417629487684,4.481950E-019));
#1580=CARTESIAN_POINT('',(0.139140077009898,-0.061417538789044,4.494142E-019));
#1581=CARTESIAN_POINT('',(0.139622447214599,-0.061354977494833,1.357293E-018));
#1582=CARTESIAN_POINT('',(0.140314600442172,-0.061093743271555,1.371561E-018));
#1583=CARTESIAN_POINT('',(0.140564439566309,-0.060948315763993,-1.024783E-013));
#1584=CARTESIAN_POINT('',(0.140971632327536,-0.06056577548989,-1.024783E-013));
#1585=CARTESIAN_POINT('',(0.14112174078267,-0.060351114750284,1.111680E-017));
#1586=CARTESIAN_POINT('',(0.141340124588592,-0.059888941754889,1.112194E-017));
#1587=CARTESIAN_POINT('',(0.14141084845148,-0.059651613199484,7.702531E-016));
#1588=CARTESIAN_POINT('',(0.141514048401733,-0.059116348114496,7.702531E-016));
#1589=CARTESIAN_POINT('',(0.141535698285574,-0.058809817640073,-2.062913E-018));
#1590=CARTESIAN_POINT('',(0.141535739709133,-0.058510014624533,-2.084881E-018));
#1591=B_SPLINE_CURVE_WITH_KNOTS('',3,(#1579,#1580,#1581,#1582,#1583,#1584,#1585,#1586,#1587,#1588,#1589,#1590),.UNSPECIFIED.,.F.,.U.,(4,2,2,2,2,4),(0.000002621355917,0.003903999441452,0.006451798345523,0.008767390100046,0.010902593660162,0.013516365317993),.UNSPECIFIED.);
#1592=EDGE_CURVE('',#1414,#946,#1591,.T.);
#1593=ORIENTED_EDGE('',*,*,#1592,.F.);
#1594=ORIENTED_EDGE('',*,*,#1420,.T.);
#1595=CARTESIAN_POINT('',(0.100053697896865,-0.02992125980287,-0.023619751311524));
#1596=VERTEX_POINT('',#1595);
#1597=CARTESIAN_POINT('',(0.100036568141272,-0.030061703295661,-0.023385188279682));
#1598=DIRECTION('',(0.062534813373335,0.512704506929414,-0.856284698970283));
#1599=VECTOR('',#1598,0.000273929952903);
#1600=LINE('',#1597,#1599);
#1601=EDGE_CURVE('',#1399,#1596,#1600,.T.);
#1602=ORIENTED_EDGE('',*,*,#1601,.T.);
#1603=CARTESIAN_POINT('',(0.110039370115502,-0.02992125984252,-0.019660650718803));
#1604=CARTESIAN_POINT('',(0.109166094143552,-0.02992125984252,-0.020224429398357));
#1605=CARTESIAN_POINT('',(0.108268210080177,-0.02992125984252,-0.020761394600052));
#1606=CARTESIAN_POINT('',(0.10644768961173,-0.02992125984252,-0.021736608203113));
#1607=CARTESIAN_POINT('',(0.105502615826629,-0.029921259842514,-0.022188932401468));
#1608=CARTESIAN_POINT('',(0.102804830608752,-0.029921259842514,-0.023258736380527));
#1609=CARTESIAN_POINT('',(0.101325269645823,-0.02992125984252,-0.0235891916616));
#1610=CARTESIAN_POINT('',(0.10005369780874,-0.02992125984252,-0.023619747644236));
#1611=B_SPLINE_CURVE_WITH_KNOTS('',3,(#1603,#1604,#1605,#1606,#1607,#1608,#1609,#1610),.UNSPECIFIED.,.F.,.U.,(4,2,2,4),(-0.008008093790914,-0.005893377939622,-0.003816017079219,-0.00000099992893),.UNSPECIFIED.);
#1612=EDGE_CURVE('',#1568,#1596,#1611,.T.);
#1613=ORIENTED_EDGE('',*,*,#1612,.F.);
#1614=EDGE_LOOP('',(#1577,#1578,#1593,#1594,#1602,#1613));
#1615=FACE_OUTER_BOUND('',#1614,.T.);
#1616=ADVANCED_FACE('',(#1615),#1566,.F.);
#1617=CARTESIAN_POINT('',(0.00923948668749,-0.019813445642478,-0.024648036404451));
#1618=CARTESIAN_POINT('',(0.008509947014151,-0.022373070943547,-0.025610014573213));
#1619=CARTESIAN_POINT('',(0.005759341872971,-0.026834600285852,-0.026163715987983));
#1620=CARTESIAN_POINT('',(0.001608552416252,-0.029387167081134,-0.024523598627863));
#1621=CARTESIAN_POINT('',(-0.000167731375122,-0.029978567009458,-0.023525042980531));
#1622=CARTESIAN_POINT('',(0.011984922124807,-0.022449030959916,-0.021032707921065));
#1623=CARTESIAN_POINT('',(0.011142443339504,-0.024782786195953,-0.021959082166165));
#1624=CARTESIAN_POINT('',(0.008508438353462,-0.028861005803152,-0.022481177591163));
#1625=CARTESIAN_POINT('',(0.004799082416137,-0.031428092102739,-0.02088877319029));
#1626=CARTESIAN_POINT('',(0.003211119815307,-0.032119786857799,-0.019909677016931));
#1627=CARTESIAN_POINT('',(0.01829273147748,-0.028674197213887,-0.014717100651325));
#1628=CARTESIAN_POINT('',(0.017336320570933,-0.030566603957559,-0.015425419545706));
#1629=CARTESIAN_POINT('',(0.01503559601627,-0.033880876720293,-0.015758706016013));
#1630=CARTESIAN_POINT('',(0.012192315195431,-0.036356665742144,-0.014421599937754));
#1631=CARTESIAN_POINT('',(0.010974429979224,-0.037177356882024,-0.013593840201551));
#1632=CARTESIAN_POINT('',(0.029277250936201,-0.038162567048668,-0.008248148347185));
#1633=CARTESIAN_POINT('',(0.028489046153471,-0.039541314242198,-0.008550247554014));
#1634=CARTESIAN_POINT('',(0.026934282148579,-0.041960000339896,-0.008566191524454));
#1635=CARTESIAN_POINT('',(0.025226049654159,-0.04407141817064,-0.007661824086915));
#1636=CARTESIAN_POINT('',(0.024494056631695,-0.044886217955139,-0.007124460279497));
#1637=CARTESIAN_POINT('',(0.042190541578033,-0.047450707590228,-0.004279551691984));
#1638=CARTESIAN_POINT('',(0.041854509729552,-0.048426844833095,-0.004264541681202));
#1639=CARTESIAN_POINT('',(0.041257451581303,-0.05014068047088,-0.004044442808917));
#1640=CARTESIAN_POINT('',(0.040648770569058,-0.051762422030407,-0.003463431742337));
#1641=CARTESIAN_POINT('',(0.040387923414836,-0.052432487726033,-0.003155529813345));
#1642=CARTESIAN_POINT('',(0.057825173297403,-0.04745300861117,-0.004279629667546));
#1643=CARTESIAN_POINT('',(0.058160124661995,-0.048429351954598,-0.004265691499506));
#1644=CARTESIAN_POINT('',(0.058759937931507,-0.050142307835103,-0.004044380741639));
#1645=CARTESIAN_POINT('',(0.059370007967172,-0.051764540463659,-0.003463721239304));
#1646=CARTESIAN_POINT('',(0.059631416571374,-0.052434357481648,-0.003155608916778));
#1647=CARTESIAN_POINT('',(0.070757307081272,-0.038013082076488,-0.008287743168283));
#1648=CARTESIAN_POINT('',(0.071545207970372,-0.039397585232721,-0.008592810415029));
#1649=CARTESIAN_POINT('',(0.073104510174119,-0.041826282968741,-0.008610654958865));
#1650=CARTESIAN_POINT('',(0.074815391060203,-0.043946518061887,-0.007703509568883));
#1651=CARTESIAN_POINT('',(0.075548475920404,-0.044764766339262,-0.007164058224893));
#1652=CARTESIAN_POINT('',(0.081727679766415,-0.028604452642887,-0.01473926197486));
#1653=CARTESIAN_POINT('',(0.082683500757232,-0.03050002503187,-0.015450132849212));
#1654=CARTESIAN_POINT('',(0.084986638258074,-0.033818805249705,-0.015784112887869));
#1655=CARTESIAN_POINT('',(0.087831953648897,-0.036298922849166,-0.014445239573162));
#1656=CARTESIAN_POINT('',(0.089050690788175,-0.037120692126011,-0.013616004211221));
#1657=CARTESIAN_POINT('',(0.088032169329088,-0.022432576899004,-0.0210514555126));
#1658=CARTESIAN_POINT('',(0.088874212787632,-0.024767587717344,-0.021978303666803));
#1659=CARTESIAN_POINT('',(0.09150904035229,-0.028847985173068,-0.02250082236439));
#1660=CARTESIAN_POINT('',(0.095220888286638,-0.031415174711259,-0.020907842000927));
#1661=CARTESIAN_POINT('',(0.096809915256549,-0.032106419007413,-0.01992842510735));
#1662=CARTESIAN_POINT('',(0.090776052756354,-0.019798528079762,-0.024668510245555));
#1663=CARTESIAN_POINT('',(0.091504974979243,-0.022359423164971,-0.025630678629677));
#1664=CARTESIAN_POINT('',(0.094256207413302,-0.026823139705501,-0.026184574505033));
#1665=CARTESIAN_POINT('',(0.098409502740886,-0.029375609837275,-0.024544181946177));
#1666=CARTESIAN_POINT('',(0.100186856044786,-0.029966447576002,-0.023545517021879));
#1667=B_SPLINE_SURFACE_WITH_KNOTS('',3,3,((#1617,#1622,#1627,#1632,#1637,#1642,#1647,#1652,#1657,#1662),(#1618,#1623,#1628,#1633,#1638,#1643,#1648,#1653,#1658,#1663),(#1619,#1624,#1629,#1634,#1639,#1644,#1649,#1654,#1659,#1664),(#1620,#1625,#1630,#1635,#1640,#1645,#1650,#1655,#1660,#1665),(#1621,#1626,#1631,#1636,#1641,#1646,#1651,#1656,#1661,#1666)),.UNSPECIFIED.,.F.,.F.,.U.,(4,1,4),(4,1,1,1,1,1,1,4),(-0.000200619177185,0.571428571428571,1.0),(0.069144677704981,0.115958228229949,0.162771778754916,0.209585329279884,0.256398879804852,0.303212430329819,0.350025980854787,0.396839531379754),.UNSPECIFIED.);
#1668=ORIENTED_EDGE('',*,*,#1601,.F.);
#1669=ORIENTED_EDGE('',*,*,#1411,.T.);
#1670=ORIENTED_EDGE('',*,*,#1535,.T.);
#1671=CARTESIAN_POINT('',(0.010039370092069,-0.029921259856306,-0.020337467077371));
#1672=VERTEX_POINT('',#1671);
#1673=CARTESIAN_POINT('',(0.010039370103181,-0.02992125984252,-0.020337467098963));
#1674=CARTESIAN_POINT('',(0.008246194560854,-0.02992125984252,-0.021260318687338));
#1675=CARTESIAN_POINT('',(0.006336606714224,-0.029921259842082,-0.022118097162078));
#1676=CARTESIAN_POINT('',(0.00288452338151,-0.029921259842082,-0.023247240899763));
#1677=CARTESIAN_POINT('',(0.00137008576333,-0.02992125984252,-0.02358019526574));
#1678=CARTESIAN_POINT('',(4.461040E-009,-0.02992125984252,-0.023618409185188));
#1679=B_SPLINE_CURVE_WITH_KNOTS('',3,(#1673,#1674,#1675,#1676,#1677,#1678),.UNSPECIFIED.,.F.,.U.,(4,2,4),(-0.009059674536507,-0.004111886089593,-0.000000080045386),.UNSPECIFIED.);
#1680=EDGE_CURVE('',#1672,#1521,#1679,.T.);
#1681=ORIENTED_EDGE('',*,*,#1680,.F.);
#1682=CARTESIAN_POINT('',(0.010039369336753,-0.020586769522621,-0.023622003085037));
#1683=VERTEX_POINT('',#1682);
#1684=CARTESIAN_POINT('',(0.01003937007874,-0.029921259867798,-0.020337467095633));
#1685=CARTESIAN_POINT('',(0.01003937007874,-0.028380362992506,-0.021307224487309));
#1686=CARTESIAN_POINT('',(0.01003937007872,-0.026688473361378,-0.022172411841233));
#1687=CARTESIAN_POINT('',(0.01003937007872,-0.023586109279618,-0.023264737299229));
#1688=CARTESIAN_POINT('',(0.01003937007874,-0.022063302385763,-0.023621121712457));
#1689=CARTESIAN_POINT('',(0.01003937007874,-0.020586769496042,-0.023621956049043));
#1690=B_SPLINE_CURVE_WITH_KNOTS('',3,(#1684,#1685,#1686,#1687,#1688,#1689),.UNSPECIFIED.,.F.,.U.,(4,2,4),(0.000000999992748,0.005462338691406,0.009912862291019),.UNSPECIFIED.);
#1691=EDGE_CURVE('',#1672,#1683,#1690,.T.);
#1692=ORIENTED_EDGE('',*,*,#1691,.T.);
#1693=CARTESIAN_POINT('',(0.089960630000331,-0.020586160749445,-0.023622041895274));
#1694=VERTEX_POINT('',#1693);
#1695=CARTESIAN_POINT('',(0.010039391610213,-0.020586770279475,-0.023622020338565));
#1696=CARTESIAN_POINT('',(0.012591354632143,-0.023048422377251,-0.020433113056041));
#1697=CARTESIAN_POINT('',(0.01546733502128,-0.025864599576223,-0.017623881639162));
#1698=CARTESIAN_POINT('',(0.021957978767334,-0.031838799364706,-0.012568231423099));
#1699=CARTESIAN_POINT('',(0.025610439960355,-0.035001409035727,-0.010395377000539));
#1700=CARTESIAN_POINT('',(0.033583147181347,-0.041259924253782,-0.006929797562914));
#1701=CARTESIAN_POINT('',(0.037892190870986,-0.044355829800816,-0.005641273755475));
#1702=CARTESIAN_POINT('',(0.047398295701152,-0.047452502427076,-0.004260914020049));
#1703=CARTESIAN_POINT('',(0.052617010832663,-0.047453269506303,-0.00426127917436));
#1704=CARTESIAN_POINT('',(0.062131315163058,-0.044307537655319,-0.005646552077983));
#1705=CARTESIAN_POINT('',(0.066450360515728,-0.04116103872511,-0.006940795067326));
#1706=CARTESIAN_POINT('',(0.074426962517234,-0.034878509348438,-0.010415234609887));
#1707=CARTESIAN_POINT('',(0.07807251032733,-0.031742478901977,-0.012588551721115));
#1708=CARTESIAN_POINT('',(0.084547002127726,-0.025824835593864,-0.017638166413195));
#1709=CARTESIAN_POINT('',(0.087414335713394,-0.023038543799772,-0.020440219759337));
#1710=CARTESIAN_POINT('',(0.089960627488,-0.020586161021413,-0.023622044203513));
#1711=B_SPLINE_CURVE_WITH_KNOTS('',3,(#1695,#1696,#1697,#1698,#1699,#1700,#1701,#1702,#1703,#1704,#1705,#1706,#1707,#1708,#1709,#1710),.UNSPECIFIED.,.F.,.U.,(4,2,2,2,2,2,2,4),(0.07363225169561,0.115958228229949,0.162771778754916,0.209585329279884,0.256398879804852,0.303212430329819,0.350025980854787,0.39226341234328),.UNSPECIFIED.);
#1712=EDGE_CURVE('',#1683,#1694,#1711,.T.);
#1713=ORIENTED_EDGE('',*,*,#1712,.T.);
#1714=CARTESIAN_POINT('',(0.089960629906918,-0.029921259857354,-0.020330835023721));
#1715=VERTEX_POINT('',#1714);
#1716=CARTESIAN_POINT('',(0.08996062992126,-0.029921259869744,-0.020330835043345));
#1717=CARTESIAN_POINT('',(0.08996062992126,-0.028381314161156,-0.021303095481773));
#1718=CARTESIAN_POINT('',(0.089960629921278,-0.026691315121168,-0.022169411067422));
#1719=CARTESIAN_POINT('',(0.089960629921278,-0.023587869919066,-0.023264250914407));
#1720=CARTESIAN_POINT('',(0.08996062992126,-0.022063946486368,-0.02362126825805));
#1721=CARTESIAN_POINT('',(0.08996062992126,-0.020586160746483,-0.023622036194811));
#1722=B_SPLINE_CURVE_WITH_KNOTS('',3,(#1716,#1717,#1718,#1719,#1720,#1721),.UNSPECIFIED.,.F.,.U.,(4,2,4),(-0.009868757948074,-0.004433461678041,-0.000000999992161),.UNSPECIFIED.);
#1723=EDGE_CURVE('',#1715,#1694,#1722,.T.);
#1724=ORIENTED_EDGE('',*,*,#1723,.F.);
#1725=CARTESIAN_POINT('',(0.100053697818251,-0.02992125984252,-0.023619754846211));
#1726=CARTESIAN_POINT('',(0.098690861337057,-0.02992125984252,-0.023589444155272));
#1727=CARTESIAN_POINT('',(0.097176877150063,-0.029921259842512,-0.023263420695957));
#1728=CARTESIAN_POINT('',(0.093318367611217,-0.029921259842512,-0.022005771201814));
#1729=CARTESIAN_POINT('',(0.091200289670663,-0.02992125984252,-0.020969357525858));
#1730=CARTESIAN_POINT('',(0.08996062989494,-0.02992125984252,-0.020330835046976));
#1731=B_SPLINE_CURVE_WITH_KNOTS('',3,(#1725,#1726,#1727,#1728,#1729,#1730),.UNSPECIFIED.,.F.,.U.,(4,2,4),(-0.007094993864605,-0.004183715828283,-0.000000999834793),.UNSPECIFIED.);
#1732=EDGE_CURVE('',#1596,#1715,#1731,.T.);
#1733=ORIENTED_EDGE('',*,*,#1732,.F.);
#1734=EDGE_LOOP('',(#1668,#1669,#1670,#1681,#1692,#1713,#1724,#1733));
#1735=FACE_OUTER_BOUND('',#1734,.T.);
#1736=ADVANCED_FACE('',(#1735),#1667,.F.);
#1737=CARTESIAN_POINT('',(0.05,-0.051749576908915,-0.05560099806032));
#1738=DIRECTION('',(0.0,1.0,0.0));
#1739=DIRECTION('',(0.0,0.0,-1.0));
#1740=AXIS2_PLACEMENT_3D('',#1737,#1738,#1739);
#1741=CYLINDRICAL_SURFACE('',#1740,0.051181102362205);
#1742=ORIENTED_EDGE('',*,*,#1712,.F.);
#1743=CARTESIAN_POINT('',(0.010039372560759,0.020585369681082,-0.023621445951815));
#1744=VERTEX_POINT('',#1743);
#1745=CARTESIAN_POINT('',(0.01003937007874,0.020585369681082,-0.023622047244094));
#1746=DIRECTION('',(0.0,-1.0,0.0));
#1747=VECTOR('',#1746,0.041172139203703);
#1748=LINE('',#1745,#1747);
#1749=EDGE_CURVE('',#1744,#1683,#1748,.T.);
#1750=ORIENTED_EDGE('',*,*,#1749,.F.);
#1751=CARTESIAN_POINT('',(0.089960684921776,0.020584351297024,-0.02362103856373));
#1752=VERTEX_POINT('',#1751);
#1753=CARTESIAN_POINT('',(0.089960684921776,0.020584351297024,-0.02362103856373));
#1754=CARTESIAN_POINT('',(0.084615316006716,0.025710579506141,-0.016928789942859));
#1755=CARTESIAN_POINT('',(0.078045496289416,0.031934926585774,-0.012051104789765));
#1756=CARTESIAN_POINT('',(0.070433092325646,0.037941361192323,-0.008720286921256));
#1757=CARTESIAN_POINT('',(0.066430860340282,0.041099252551575,-0.006969104788225));
#1758=CARTESIAN_POINT('',(0.062140442923703,0.04419690973768,-0.005645499243798));
#1759=CARTESIAN_POINT('',(0.057379256655083,0.045764314428962,-0.004980327350509));
#1760=CARTESIAN_POINT('',(0.052618070386462,0.047331719120244,-0.004315155457221));
#1761=CARTESIAN_POINT('',(0.047386115265799,0.047368871316702,-0.00430841721507));
#1762=CARTESIAN_POINT('',(0.042629814038652,0.045861593284786,-0.004960235742471));
#1763=CARTESIAN_POINT('',(0.037873512811506,0.04435431525287,-0.005612054269872));
#1764=CARTESIAN_POINT('',(0.033592865477875,0.041302606992578,-0.006922429566825));
#1765=CARTESIAN_POINT('',(0.029594411014975,0.038144541245081,-0.008671026380098));
#1766=CARTESIAN_POINT('',(0.021981449325426,0.032131659574964,-0.012000312901536));
#1767=CARTESIAN_POINT('',(0.015391515656474,0.025733260949203,-0.016918168359446));
#1768=CARTESIAN_POINT('',(0.010039104726078,0.020585309875028,-0.023621186152427));
#1769=B_SPLINE_CURVE_WITH_KNOTS('',3,(#1753,#1754,#1755,#1756,#1757,#1758,#1759,#1760,#1761,#1762,#1763,#1764,#1765,#1766,#1767,#1768),.UNSPECIFIED.,.F.,.U.,(4,3,3,3,3,4),(0.07364749644428,0.162688735780787,0.209502291365219,0.256315846949652,0.303129402534084,0.39226129299891),.UNSPECIFIED.);
#1770=EDGE_CURVE('',#1752,#1744,#1769,.T.);
#1771=ORIENTED_EDGE('',*,*,#1770,.F.);
#1772=CARTESIAN_POINT('',(0.08996062992126,-0.020586160749445,-0.023622047244094));
#1773=DIRECTION('',(0.0,1.0,0.0));
#1774=VECTOR('',#1773,0.041170707548374);
#1775=LINE('',#1772,#1774);
#1776=EDGE_CURVE('',#1694,#1752,#1775,.T.);
#1777=ORIENTED_EDGE('',*,*,#1776,.F.);
#1778=EDGE_LOOP('',(#1742,#1750,#1771,#1777));
#1779=FACE_OUTER_BOUND('',#1778,.T.);
#1780=ADVANCED_FACE('',(#1779),#1741,.F.);
#1781=CARTESIAN_POINT('',(0.090776820536389,0.019801224393965,-0.024669523055827));
#1782=CARTESIAN_POINT('',(0.091506078714206,0.022361213743117,-0.025630900741088));
#1783=CARTESIAN_POINT('',(0.094257040476864,0.026823651677247,-0.026184245476837));
#1784=CARTESIAN_POINT('',(0.098409502740886,0.029375609837275,-0.024544181946177));
#1785=CARTESIAN_POINT('',(0.100186856044786,0.029966447576002,-0.023545517021879));
#1786=CARTESIAN_POINT('',(0.085289278542251,0.025068859062721,-0.017435321807798));
#1787=CARTESIAN_POINT('',(0.086244448242082,0.027177246933304,-0.018326108058333));
#1788=CARTESIAN_POINT('',(0.088762516034677,0.030873358268329,-0.018816742475383));
#1789=CARTESIAN_POINT('',(0.092032258476854,0.033454749407254,-0.017271484544012));
#1790=CARTESIAN_POINT('',(0.093432958205847,0.034246400744366,-0.01631131577385));
#1791=CARTESIAN_POINT('',(0.075011695173438,0.034903938179365,-0.009616315877079));
#1792=CARTESIAN_POINT('',(0.075950528490916,0.036422732255434,-0.010026352148735));
#1793=CARTESIAN_POINT('',(0.077828264801649,0.03908764394564,-0.010123692833618));
#1794=CARTESIAN_POINT('',(0.079897036127819,0.041370729200302,-0.009108347074206));
#1795=CARTESIAN_POINT('',(0.080783624828847,0.04223740252664,-0.008492309843131));
#1796=CARTESIAN_POINT('',(0.057850025507125,0.047294566923785,-0.004321893699371));
#1797=CARTESIAN_POINT('',(0.058184546567729,0.048278265280503,-0.004314553579815));
#1798=CARTESIAN_POINT('',(0.058783035688945,0.050007602860433,-0.004104440125758));
#1799=CARTESIAN_POINT('',(0.059397986438366,0.051634221218684,-0.00351214633985));
#1800=CARTESIAN_POINT('',(0.059661569854923,0.052304788381481,-0.003197887665423));
#1801=CARTESIAN_POINT('',(0.042154160145136,0.047406023513161,-0.00430167897292));
#1802=CARTESIAN_POINT('',(0.04181993531458,0.048385818431008,-0.004291498338533));
#1803=CARTESIAN_POINT('',(0.041222207865183,0.050108888894441,-0.004080403099298));
#1804=CARTESIAN_POINT('',(0.04060719406002,0.051727925970933,-0.003490126079441));
#1805=CARTESIAN_POINT('',(0.04034358171709,0.052395346860349,-0.003177672938972));
#1806=CARTESIAN_POINT('',(0.025031570810615,0.035199190471995,-0.009543180160729));
#1807=CARTESIAN_POINT('',(0.024093796414505,0.0367061162248,-0.009945775690401));
#1808=CARTESIAN_POINT('',(0.022219630589613,0.039349372585671,-0.010035864303635));
#1809=CARTESIAN_POINT('',(0.020154615994663,0.041616455700105,-0.009029474997132));
#1810=CARTESIAN_POINT('',(0.019269625613065,0.042477295014401,-0.008419174126781));
#1811=CARTESIAN_POINT('',(0.014729364646292,0.02508684830627,-0.017418299698477));
#1812=CARTESIAN_POINT('',(0.013773942419616,0.02719399523501,-0.018308328881011));
#1813=CARTESIAN_POINT('',(0.011256892580285,0.030887938882604,-0.018798311649942));
#1814=CARTESIAN_POINT('',(0.007989627761494,0.033469026940566,-0.017253930270322));
#1815=CARTESIAN_POINT('',(0.006589987256975,0.03426101700475,-0.016294293664529));
#1816=CARTESIAN_POINT('',(0.009238718257713,0.019816140619757,-0.024649049014479));
#1817=CARTESIAN_POINT('',(0.008508843530908,0.022374860644374,-0.025610236606634));
#1818=CARTESIAN_POINT('',(0.005758509312034,0.026835112276987,-0.026163387014986));
#1819=CARTESIAN_POINT('',(0.001608552416252,0.029387167081134,-0.024523598627863));
#1820=CARTESIAN_POINT('',(-0.000167731375122,0.029978567009458,-0.023525042980531));
#1821=B_SPLINE_SURFACE_WITH_KNOTS('',3,3,((#1781,#1786,#1791,#1796,#1801,#1806,#1811,#1816),(#1782,#1787,#1792,#1797,#1802,#1807,#1812,#1817),(#1783,#1788,#1793,#1798,#1803,#1808,#1813,#1818),(#1784,#1789,#1794,#1799,#1804,#1809,#1814,#1819),(#1785,#1790,#1795,#1800,#1805,#1810,#1815,#1820)),.UNSPECIFIED.,.F.,.F.,.F.,(4,1,4),(4,1,1,1,1,4),(0.0,0.571428571428571,1.0),(0.069061853223595,0.162688959306425,0.20950251234784,0.256316065389255,0.30312961843067,0.3967567245135),.UNSPECIFIED.);
#1822=ORIENTED_EDGE('',*,*,#879,.F.);
#1823=CARTESIAN_POINT('',(0.089960629983215,0.029921259778425,-0.020308133755047));
#1824=VERTEX_POINT('',#1823);
#1825=CARTESIAN_POINT('',(0.100053696904665,0.02992125984252,-0.023619754825891));
#1826=CARTESIAN_POINT('',(0.098675749959722,0.02992125984252,-0.023589107869756));
#1827=CARTESIAN_POINT('',(0.097162157486617,0.029921259842516,-0.023253605689189));
#1828=CARTESIAN_POINT('',(0.093710055778119,0.029921259842516,-0.022120826427862));
#1829=CARTESIAN_POINT('',(0.091767787069537,0.02992125984252,-0.021240636180643));
#1830=CARTESIAN_POINT('',(0.089960630035159,0.02992125984252,-0.020308133654381));
#1831=B_SPLINE_CURVE_WITH_KNOTS('',3,(#1825,#1826,#1827,#1828,#1829,#1830),.UNSPECIFIED.,.F.,.U.,(4,2,4),(0.000000046710531,0.004134888917409,0.009227434130263),.UNSPECIFIED.);
#1832=EDGE_CURVE('',#872,#1824,#1831,.T.);
#1833=ORIENTED_EDGE('',*,*,#1832,.T.);
#1834=CARTESIAN_POINT('',(0.08996062992126,0.029921259724687,-0.02030813367051));
#1835=CARTESIAN_POINT('',(0.08996062992126,0.028383397281482,-0.021285697574809));
#1836=CARTESIAN_POINT('',(0.089960629921283,0.026692533043498,-0.022157738062684));
#1837=CARTESIAN_POINT('',(0.089960629921283,0.023588689698853,-0.02325978207136));
#1838=CARTESIAN_POINT('',(0.08996062992126,0.022063613611905,-0.023619479074035));
#1839=CARTESIAN_POINT('',(0.08996062992126,0.020584546271041,-0.023620969562557));
#1840=B_SPLINE_CURVE_WITH_KNOTS('',3,(#1834,#1835,#1836,#1837,#1838,#1839),.UNSPECIFIED.,.F.,.U.,(4,2,4),(0.000000981592783,0.005467159160029,0.00992520364761),.UNSPECIFIED.);
#1841=EDGE_CURVE('',#1824,#1752,#1840,.T.);
#1842=ORIENTED_EDGE('',*,*,#1841,.T.);
#1843=ORIENTED_EDGE('',*,*,#1770,.T.);
#1844=CARTESIAN_POINT('',(0.010039370061755,0.029921259824952,-0.020318713793366));
#1845=VERTEX_POINT('',#1844);
#1846=CARTESIAN_POINT('',(0.01003937007874,0.029921259810263,-0.02031871377014));
#1847=CARTESIAN_POINT('',(0.01003937007874,0.028381289804113,-0.021292665712094));
#1848=CARTESIAN_POINT('',(0.010039370078717,0.026688658738503,-0.022162412861486));
#1849=CARTESIAN_POINT('',(0.010039370078717,0.023585952544893,-0.023260625700746));
#1850=CARTESIAN_POINT('',(0.01003937007874,0.022062574648205,-0.023619266275994));
#1851=CARTESIAN_POINT('',(0.01003937007874,0.020585565091379,-0.023620853844424));
#1852=B_SPLINE_CURVE_WITH_KNOTS('',3,(#1846,#1847,#1848,#1849,#1850,#1851),.UNSPECIFIED.,.F.,.U.,(4,2,4),(-0.009871276768818,-0.004430584468605,0.0),.UNSPECIFIED.);
#1853=EDGE_CURVE('',#1845,#1744,#1852,.T.);
#1854=ORIENTED_EDGE('',*,*,#1853,.F.);
#1855=CARTESIAN_POINT('',(-6.631976E-009,0.02992125984252,-0.023618409494583));
#1856=CARTESIAN_POINT('',(0.001157859241177,0.02992125984252,-0.023586115896028));
#1857=CARTESIAN_POINT('',(0.002583220383065,0.029921259842503,-0.023341906678419));
#1858=CARTESIAN_POINT('',(0.006320990392227,0.029921259842503,-0.02211299125431));
#1859=CARTESIAN_POINT('',(0.008243335832454,0.02992125984252,-0.021244573272286));
#1860=CARTESIAN_POINT('',(0.010039370047553,0.02992125984252,-0.020318713765816));
#1861=B_SPLINE_CURVE_WITH_KNOTS('',3,(#1855,#1856,#1857,#1858,#1859,#1860),.UNSPECIFIED.,.F.,.U.,(4,2,4),(-0.011983461599095,-0.006062331478614,-0.000000999970662),.UNSPECIFIED.);
#1862=EDGE_CURVE('',#1163,#1845,#1861,.T.);
#1863=ORIENTED_EDGE('',*,*,#1862,.F.);
#1864=ORIENTED_EDGE('',*,*,#1168,.F.);
#1865=ORIENTED_EDGE('',*,*,#988,.T.);
#1866=EDGE_LOOP('',(#1822,#1833,#1842,#1843,#1854,#1863,#1864,#1865));
#1867=FACE_OUTER_BOUND('',#1866,.T.);
#1868=ADVANCED_FACE('',(#1867),#1821,.F.);
#1869=CARTESIAN_POINT('',(-0.088956692856348,-0.02992125984252,-0.027953975340871));
#1870=DIRECTION('',(0.0,-1.0,0.0));
#1871=DIRECTION('',(0.0,0.0,-1.0));
#1872=AXIS2_PLACEMENT_3D('',#1869,#1870,#1871);
#1873=PLANE('',#1872);
#1874=CARTESIAN_POINT('',(-0.11003937007874,-0.02992125984252,-0.019660650691452));
#1875=DIRECTION('',(0.0,0.0,-1.0));
#1876=VECTOR('',#1875,0.007898404426658);
#1877=LINE('',#1874,#1876);
#1878=EDGE_CURVE('',#1352,#537,#1877,.T.);
#1879=ORIENTED_EDGE('',*,*,#1878,.T.);
#1880=ORIENTED_EDGE('',*,*,#542,.T.);
#1881=CARTESIAN_POINT('',(-0.08996062992126,-0.02992125984252,-0.020327696925884));
#1882=DIRECTION('',(0.0,0.0,-1.0));
#1883=VECTOR('',#1882,0.007231358192226);
#1884=LINE('',#1881,#1883);
#1885=EDGE_CURVE('',#1489,#529,#1884,.T.);
#1886=ORIENTED_EDGE('',*,*,#1885,.F.);
#1887=ORIENTED_EDGE('',*,*,#1497,.F.);
#1888=ORIENTED_EDGE('',*,*,#1371,.F.);
#1889=EDGE_LOOP('',(#1879,#1880,#1886,#1887,#1888));
#1890=FACE_OUTER_BOUND('',#1889,.T.);
#1891=ADVANCED_FACE('',(#1890),#1873,.T.);
#1892=CARTESIAN_POINT('',(0.111043307148943,-0.02992125984252,-0.027953975340871));
#1893=DIRECTION('',(0.0,-1.0,0.0));
#1894=DIRECTION('',(0.0,0.0,-1.0));
#1895=AXIS2_PLACEMENT_3D('',#1892,#1893,#1894);
#1896=PLANE('',#1895);
#1897=CARTESIAN_POINT('',(0.11003937007874,-0.02992125984252,-0.019660650691451));
#1898=DIRECTION('',(0.0,0.0,-1.0));
#1899=VECTOR('',#1898,0.007898404426659);
#1900=LINE('',#1897,#1899);
#1901=EDGE_CURVE('',#1568,#821,#1900,.T.);
#1902=ORIENTED_EDGE('',*,*,#1901,.F.);
#1903=ORIENTED_EDGE('',*,*,#1612,.T.);
#1904=ORIENTED_EDGE('',*,*,#1732,.T.);
#1905=CARTESIAN_POINT('',(0.08996062992126,-0.02992125984252,-0.020330835023721));
#1906=DIRECTION('',(0.0,0.0,-1.0));
#1907=VECTOR('',#1906,0.007228220094389);
#1908=LINE('',#1905,#1907);
#1909=EDGE_CURVE('',#1715,#829,#1908,.T.);
#1910=ORIENTED_EDGE('',*,*,#1909,.T.);
#1911=ORIENTED_EDGE('',*,*,#834,.T.);
#1912=EDGE_LOOP('',(#1902,#1903,#1904,#1910,#1911));
#1913=FACE_OUTER_BOUND('',#1912,.T.);
#1914=ADVANCED_FACE('',(#1913),#1896,.T.);
#1915=CARTESIAN_POINT('',(0.111043307185051,0.02992125984252,-0.019276417414176));
#1916=DIRECTION('',(0.0,1.0,0.0));
#1917=DIRECTION('',(0.0,0.0,1.0));
#1918=AXIS2_PLACEMENT_3D('',#1915,#1916,#1917);
#1919=PLANE('',#1918);
#1920=CARTESIAN_POINT('',(0.11003937007874,0.02992125984252,-0.019670828780191));
#1921=DIRECTION('',(0.0,0.0,-1.0));
#1922=VECTOR('',#1921,0.007888226337919);
#1923=LINE('',#1920,#1922);
#1924=EDGE_CURVE('',#917,#798,#1923,.T.);
#1925=ORIENTED_EDGE('',*,*,#1924,.T.);
#1926=ORIENTED_EDGE('',*,*,#803,.T.);
#1927=CARTESIAN_POINT('',(0.08996062992126,0.02992125984252,-0.020308133755047));
#1928=DIRECTION('',(0.0,0.0,-1.0));
#1929=VECTOR('',#1928,0.007250921363063);
#1930=LINE('',#1927,#1929);
#1931=EDGE_CURVE('',#1824,#790,#1930,.T.);
#1932=ORIENTED_EDGE('',*,*,#1931,.F.);
#1933=ORIENTED_EDGE('',*,*,#1832,.F.);
#1934=ORIENTED_EDGE('',*,*,#934,.F.);
#1935=EDGE_LOOP('',(#1925,#1926,#1932,#1933,#1934));
#1936=FACE_OUTER_BOUND('',#1935,.T.);
#1937=ADVANCED_FACE('',(#1936),#1919,.T.);
#1938=CARTESIAN_POINT('',(0.01003937007874,0.02992125984252,0.0));
#1939=DIRECTION('',(0.0,1.0,0.0));
#1940=DIRECTION('',(0.0,0.0,1.0));
#1941=AXIS2_PLACEMENT_3D('',#1938,#1939,#1940);
#1942=PLANE('',#1941);
#1943=ORIENTED_EDGE('',*,*,#1231,.T.);
#1944=CARTESIAN_POINT('',(-0.08996062992126,0.02992125984252,-0.020330835023721));
#1945=DIRECTION('',(0.0,0.0,-1.0));
#1946=VECTOR('',#1945,0.007228220094389);
#1947=LINE('',#1944,#1946);
#1948=EDGE_CURVE('',#1214,#506,#1947,.T.);
#1949=ORIENTED_EDGE('',*,*,#1948,.T.);
#1950=ORIENTED_EDGE('',*,*,#511,.T.);
#1951=CARTESIAN_POINT('',(-0.11003937007874,0.02992125984252,-0.019660650691451));
#1952=DIRECTION('',(0.0,0.0,-1.0));
#1953=VECTOR('',#1952,0.007898404426659);
#1954=LINE('',#1951,#1953);
#1955=EDGE_CURVE('',#1050,#498,#1954,.T.);
#1956=ORIENTED_EDGE('',*,*,#1955,.F.);
#1957=ORIENTED_EDGE('',*,*,#1104,.T.);
#1958=EDGE_LOOP('',(#1943,#1949,#1950,#1956,#1957));
#1959=FACE_OUTER_BOUND('',#1958,.T.);
#1960=ADVANCED_FACE('',(#1959),#1942,.T.);
#1961=CARTESIAN_POINT('',(0.011043307088613,0.02992125984252,-0.019956696708902));
#1962=DIRECTION('',(0.0,1.0,0.0));
#1963=DIRECTION('',(0.0,0.0,1.0));
#1964=AXIS2_PLACEMENT_3D('',#1961,#1962,#1963);
#1965=PLANE('',#1964);
#1966=CARTESIAN_POINT('',(-0.01003937007874,0.02992125984252,-0.020337467077371));
#1967=DIRECTION('',(0.0,0.0,-1.0));
#1968=VECTOR('',#1967,0.007221588040739);
#1969=LINE('',#1966,#1968);
#1970=EDGE_CURVE('',#1171,#560,#1969,.T.);
#1971=ORIENTED_EDGE('',*,*,#1970,.F.);
#1972=ORIENTED_EDGE('',*,*,#1179,.T.);
#1973=ORIENTED_EDGE('',*,*,#1862,.T.);
#1974=CARTESIAN_POINT('',(0.01003937007874,0.02992125984252,-0.020318713793366));
#1975=DIRECTION('',(0.0,0.0,-1.0));
#1976=VECTOR('',#1975,0.007240341324744);
#1977=LINE('',#1974,#1976);
#1978=EDGE_CURVE('',#1845,#568,#1977,.T.);
#1979=ORIENTED_EDGE('',*,*,#1978,.T.);
#1980=ORIENTED_EDGE('',*,*,#573,.T.);
#1981=EDGE_LOOP('',(#1971,#1972,#1973,#1979,#1980));
#1982=FACE_OUTER_BOUND('',#1981,.T.);
#1983=ADVANCED_FACE('',(#1982),#1965,.T.);
#1984=CARTESIAN_POINT('',(0.11003937007874,0.032913385927997,-0.168505156443234));
#1985=DIRECTION('',(1.0,0.0,0.0));
#1986=DIRECTION('',(0.0,0.0,-1.0));
#1987=AXIS2_PLACEMENT_3D('',#1984,#1985,#1986);
#1988=PLANE('',#1987);
#1989=ORIENTED_EDGE('',*,*,#966,.T.);
#1990=ORIENTED_EDGE('',*,*,#1576,.F.);
#1991=ORIENTED_EDGE('',*,*,#1901,.T.);
#1992=ORIENTED_EDGE('',*,*,#826,.T.);
#1993=ORIENTED_EDGE('',*,*,#644,.T.);
#1994=ORIENTED_EDGE('',*,*,#682,.T.);
#1995=ORIENTED_EDGE('',*,*,#713,.T.);
#1996=ORIENTED_EDGE('',*,*,#746,.T.);
#1997=ORIENTED_EDGE('',*,*,#777,.T.);
#1998=ORIENTED_EDGE('',*,*,#809,.T.);
#1999=ORIENTED_EDGE('',*,*,#1924,.F.);
#2000=ORIENTED_EDGE('',*,*,#925,.T.);
#2001=EDGE_LOOP('',(#1989,#1990,#1991,#1992,#1993,#1994,#1995,#1996,#1997,#1998,#1999,#2000));
#2002=FACE_OUTER_BOUND('',#2001,.T.);
#2003=ADVANCED_FACE('',(#2002),#1988,.T.);
#2004=CARTESIAN_POINT('',(0.08996062992126,0.032913385828997,-0.01325298336441));
#2005=DIRECTION('',(-1.0,0.0,0.0));
#2006=DIRECTION('',(0.0,0.0,1.0));
#2007=AXIS2_PLACEMENT_3D('',#2004,#2005,#2006);
#2008=PLANE('',#2007);
#2009=ORIENTED_EDGE('',*,*,#1776,.T.);
#2010=ORIENTED_EDGE('',*,*,#1841,.F.);
#2011=ORIENTED_EDGE('',*,*,#1931,.T.);
#2012=ORIENTED_EDGE('',*,*,#795,.T.);
#2013=ORIENTED_EDGE('',*,*,#763,.F.);
#2014=ORIENTED_EDGE('',*,*,#731,.F.);
#2015=ORIENTED_EDGE('',*,*,#699,.F.);
#2016=ORIENTED_EDGE('',*,*,#667,.F.);
#2017=ORIENTED_EDGE('',*,*,#628,.F.);
#2018=ORIENTED_EDGE('',*,*,#840,.T.);
#2019=ORIENTED_EDGE('',*,*,#1909,.F.);
#2020=ORIENTED_EDGE('',*,*,#1723,.T.);
#2021=EDGE_LOOP('',(#2009,#2010,#2011,#2012,#2013,#2014,#2015,#2016,#2017,#2018,#2019,#2020));
#2022=FACE_OUTER_BOUND('',#2021,.T.);
#2023=ADVANCED_FACE('',(#2022),#2008,.T.);
#2024=CARTESIAN_POINT('',(-0.154133858267717,-0.064361087340559,-0.049606299212598));
#2025=DIRECTION('',(0.0,1.0,0.0));
#2026=DIRECTION('',(-0.599999650572915,0.0,-0.800000262070195));
#2027=AXIS2_PLACEMENT_3D('',#2024,#2025,#2026);
#2028=CYLINDRICAL_SURFACE('',#2027,0.051181102362205);
#2029=ORIENTED_EDGE('',*,*,#1069,.F.);
#2030=CARTESIAN_POINT('',(-0.11003937007874,-0.019745608721987,-0.023622047244095));
#2031=DIRECTION('',(0.0,1.0,0.0));
#2032=VECTOR('',#2031,0.039491217443973);
#2033=LINE('',#2030,#2032);
#2034=EDGE_CURVE('',#1343,#1052,#2033,.T.);
#2035=ORIENTED_EDGE('',*,*,#2034,.F.);
#2036=ORIENTED_EDGE('',*,*,#1349,.F.);
#2037=CARTESIAN_POINT('',(-0.141535433070866,0.058510152294859,0.0));
#2038=DIRECTION('',(0.0,-1.0,0.0));
#2039=VECTOR('',#2038,0.117020312093965);
#2040=LINE('',#2037,#2039);
#2041=EDGE_CURVE('',#1063,#1326,#2040,.T.);
#2042=ORIENTED_EDGE('',*,*,#2041,.F.);
#2043=EDGE_LOOP('',(#2029,#2035,#2036,#2042));
#2044=FACE_OUTER_BOUND('',#2043,.T.);
#2045=ADVANCED_FACE('',(#2044),#2028,.F.);
#2046=CARTESIAN_POINT('',(-0.08996062992126,0.032913385876168,-0.168471804131485));
#2047=DIRECTION('',(1.0,0.0,0.0));
#2048=DIRECTION('',(0.0,0.0,-1.0));
#2049=AXIS2_PLACEMENT_3D('',#2046,#2047,#2048);
#2050=PLANE('',#2049);
#2051=ORIENTED_EDGE('',*,*,#1270,.T.);
#2052=ORIENTED_EDGE('',*,*,#1506,.F.);
#2053=ORIENTED_EDGE('',*,*,#1885,.T.);
#2054=ORIENTED_EDGE('',*,*,#534,.T.);
#2055=ORIENTED_EDGE('',*,*,#184,.T.);
#2056=ORIENTED_EDGE('',*,*,#222,.T.);
#2057=ORIENTED_EDGE('',*,*,#253,.T.);
#2058=ORIENTED_EDGE('',*,*,#286,.T.);
#2059=ORIENTED_EDGE('',*,*,#317,.T.);
#2060=ORIENTED_EDGE('',*,*,#517,.T.);
#2061=ORIENTED_EDGE('',*,*,#1948,.F.);
#2062=ORIENTED_EDGE('',*,*,#1222,.T.);
#2063=EDGE_LOOP('',(#2051,#2052,#2053,#2054,#2055,#2056,#2057,#2058,#2059,#2060,#2061,#2062));
#2064=FACE_OUTER_BOUND('',#2063,.T.);
#2065=ADVANCED_FACE('',(#2064),#2050,.T.);
#2066=CARTESIAN_POINT('',(-0.11003937007874,0.032913385889768,-0.012572817054307));
#2067=DIRECTION('',(-1.0,0.0,0.0));
#2068=DIRECTION('',(0.0,0.0,1.0));
#2069=AXIS2_PLACEMENT_3D('',#2066,#2067,#2068);
#2070=PLANE('',#2069);
#2071=ORIENTED_EDGE('',*,*,#2034,.T.);
#2072=ORIENTED_EDGE('',*,*,#1060,.F.);
#2073=ORIENTED_EDGE('',*,*,#1955,.T.);
#2074=ORIENTED_EDGE('',*,*,#503,.T.);
#2075=ORIENTED_EDGE('',*,*,#303,.F.);
#2076=ORIENTED_EDGE('',*,*,#271,.F.);
#2077=ORIENTED_EDGE('',*,*,#239,.F.);
#2078=ORIENTED_EDGE('',*,*,#207,.F.);
#2079=ORIENTED_EDGE('',*,*,#168,.F.);
#2080=ORIENTED_EDGE('',*,*,#548,.T.);
#2081=ORIENTED_EDGE('',*,*,#1878,.F.);
#2082=ORIENTED_EDGE('',*,*,#1360,.T.);
#2083=EDGE_LOOP('',(#2071,#2072,#2073,#2074,#2075,#2076,#2077,#2078,#2079,#2080,#2081,#2082));
#2084=FACE_OUTER_BOUND('',#2083,.T.);
#2085=ADVANCED_FACE('',(#2084),#2070,.T.);
#2086=CARTESIAN_POINT('',(0.01003937007874,0.03291338582884,-0.168472253287225));
#2087=DIRECTION('',(1.0,0.0,0.0));
#2088=DIRECTION('',(0.0,0.0,-1.0));
#2089=AXIS2_PLACEMENT_3D('',#2086,#2087,#2088);
#2090=PLANE('',#2089);
#2091=ORIENTED_EDGE('',*,*,#1749,.T.);
#2092=ORIENTED_EDGE('',*,*,#1691,.F.);
#2093=CARTESIAN_POINT('',(0.01003937007874,-0.02992125984252,-0.020337467077371));
#2094=DIRECTION('',(0.0,0.0,-1.0));
#2095=VECTOR('',#2094,0.007221588040739);
#2096=LINE('',#2093,#2095);
#2097=EDGE_CURVE('',#1672,#591,#2096,.T.);
#2098=ORIENTED_EDGE('',*,*,#2097,.T.);
#2099=ORIENTED_EDGE('',*,*,#596,.T.);
#2100=ORIENTED_EDGE('',*,*,#352,.T.);
#2101=ORIENTED_EDGE('',*,*,#390,.T.);
#2102=ORIENTED_EDGE('',*,*,#421,.T.);
#2103=ORIENTED_EDGE('',*,*,#454,.T.);
#2104=ORIENTED_EDGE('',*,*,#485,.T.);
#2105=ORIENTED_EDGE('',*,*,#579,.T.);
#2106=ORIENTED_EDGE('',*,*,#1978,.F.);
#2107=ORIENTED_EDGE('',*,*,#1853,.T.);
#2108=EDGE_LOOP('',(#2091,#2092,#2098,#2099,#2100,#2101,#2102,#2103,#2104,#2105,#2106,#2107));
#2109=FACE_OUTER_BOUND('',#2108,.T.);
#2110=ADVANCED_FACE('',(#2109),#2090,.T.);
#2111=CARTESIAN_POINT('',(-0.01003937007874,0.032913385872441,-0.013266823246982));
#2112=DIRECTION('',(-1.0,0.0,0.0));
#2113=DIRECTION('',(0.0,0.0,1.0));
#2114=AXIS2_PLACEMENT_3D('',#2111,#2112,#2113);
#2115=PLANE('',#2114);
#2116=ORIENTED_EDGE('',*,*,#1248,.T.);
#2117=ORIENTED_EDGE('',*,*,#1190,.F.);
#2118=ORIENTED_EDGE('',*,*,#1970,.T.);
#2119=ORIENTED_EDGE('',*,*,#565,.T.);
#2120=ORIENTED_EDGE('',*,*,#471,.F.);
#2121=ORIENTED_EDGE('',*,*,#439,.F.);
#2122=ORIENTED_EDGE('',*,*,#407,.F.);
#2123=ORIENTED_EDGE('',*,*,#375,.F.);
#2124=ORIENTED_EDGE('',*,*,#336,.F.);
#2125=ORIENTED_EDGE('',*,*,#610,.T.);
#2126=CARTESIAN_POINT('',(-0.01003937007874,-0.02992125984252,-0.020321608965183));
#2127=DIRECTION('',(0.0,0.0,-1.0));
#2128=VECTOR('',#2127,0.007237446152927);
#2129=LINE('',#2126,#2128);
#2130=EDGE_CURVE('',#1510,#599,#2129,.T.);
#2131=ORIENTED_EDGE('',*,*,#2130,.F.);
#2132=ORIENTED_EDGE('',*,*,#1518,.T.);
#2133=EDGE_LOOP('',(#2116,#2117,#2118,#2119,#2120,#2121,#2122,#2123,#2124,#2125,#2131,#2132));
#2134=FACE_OUTER_BOUND('',#2133,.T.);
#2135=ADVANCED_FACE('',(#2134),#2115,.T.);
#2136=CARTESIAN_POINT('',(0.011043307130769,-0.02992125984252,-0.027920927426934));
#2137=DIRECTION('',(0.0,-1.0,0.0));
#2138=DIRECTION('',(0.0,0.0,-1.0));
#2139=AXIS2_PLACEMENT_3D('',#2136,#2137,#2138);
#2140=PLANE('',#2139);
#2141=ORIENTED_EDGE('',*,*,#2097,.F.);
#2142=ORIENTED_EDGE('',*,*,#1680,.T.);
#2143=ORIENTED_EDGE('',*,*,#1529,.T.);
#2144=ORIENTED_EDGE('',*,*,#2130,.T.);
#2145=ORIENTED_EDGE('',*,*,#604,.T.);
#2146=EDGE_LOOP('',(#2141,#2142,#2143,#2144,#2145));
#2147=FACE_OUTER_BOUND('',#2146,.T.);
#2148=ADVANCED_FACE('',(#2147),#2140,.T.);
#2149=CARTESIAN_POINT('',(3.145030638758307,2.298961E-020,18.198953508927435));
#2150=DIRECTION('',(0.173648177666931,3.081488E-033,0.984807753012208));
#2151=DIRECTION('',(-0.984807753012208,-1.188115E-016,0.173648177666931));
#2152=AXIS2_PLACEMENT_3D('',#2149,#2150,#2151);
#2153=CONICAL_SURFACE('',#2152,1.0,3.057503928966175);
#2154=CARTESIAN_POINT('',(0.007366183651838,2.298961E-020,0.692312652778665));
#2155=VERTEX_POINT('',#2154);
#2156=CARTESIAN_POINT('',(0.056606571302448,2.298961E-020,0.683630243895318));
#2157=DIRECTION('',(-0.173648177666931,-1.540744E-032,-0.984807753012208));
#2158=DIRECTION('',(-0.984807753012208,-1.188115E-016,0.173648177666931));
#2159=AXIS2_PLACEMENT_3D('',#2156,#2157,#2158);
#2160=CIRCLE('',#2159,0.05);
#2161=EDGE_CURVE('',#2155,#2155,#2160,.T.);
#2162=ORIENTED_EDGE('',*,*,#2161,.T.);
#2163=EDGE_LOOP('',(#2162));
#2164=FACE_OUTER_BOUND('',#2163,.T.);
#2165=CARTESIAN_POINT('',(-0.025644880574224,-4.186867E-018,0.42121000286106));
#2166=VERTEX_POINT('',#2165);
#2167=CARTESIAN_POINT('',(0.009249882327783,2.298961E-020,0.415057114676011));
#2168=DIRECTION('',(-0.173648177666931,-3.081488E-033,-0.984807753012208));
#2169=DIRECTION('',(-0.984807753012208,-1.188115E-016,0.173648177666931));
#2170=AXIS2_PLACEMENT_3D('',#2167,#2168,#2169);
#2171=CIRCLE('',#2170,0.035433070866142);
#2172=EDGE_CURVE('',#2166,#2166,#2171,.T.);
#2173=ORIENTED_EDGE('',*,*,#2172,.F.);
#2174=EDGE_LOOP('',(#2173));
#2175=FACE_BOUND('',#2174,.T.);
#2176=CARTESIAN_POINT('',(0.05431709743715,0.033802808492151,0.528740157480315));
#2177=VERTEX_POINT('',#2176);
#2178=CARTESIAN_POINT('',(0.05431709743715,-0.033802808492151,0.528740157480315));
#2179=VERTEX_POINT('',#2178);
#2180=CARTESIAN_POINT('',(0.029693144446993,5.463696E-018,0.528740157480315));
#2181=DIRECTION('',(0.0,0.0,-1.0));
#2182=DIRECTION('',(1.0,0.0,0.0));
#2183=AXIS2_PLACEMENT_3D('',#2180,#2181,#2182);
#2184=ELLIPSE('',#2183,0.042244516560664,0.04160088219147);
#2185=EDGE_CURVE('',#2177,#2179,#2184,.T.);
#2186=ORIENTED_EDGE('',*,*,#2185,.F.);
#2187=CARTESIAN_POINT('',(0.063976377952756,-8.673617E-019,0.494413268510117));
#2188=VERTEX_POINT('',#2187);
#2189=CARTESIAN_POINT('',(0.063976377952756,-8.673617E-019,0.494413268510115));
#2190=CARTESIAN_POINT('',(0.063976377952756,0.002102012679005,0.494413268510115));
#2191=CARTESIAN_POINT('',(0.063864199795865,0.00437234103226,0.4947179604747));
#2192=CARTESIAN_POINT('',(0.063416935967137,0.008720413555522,0.495960891913795));
#2193=CARTESIAN_POINT('',(0.063084704667995,0.010799562669464,0.496895238607848));
#2194=CARTESIAN_POINT('',(0.06165881374201,0.017903766746761,0.50102881706603));
#2195=CARTESIAN_POINT('',(0.060116362066242,0.022211379432747,0.505780687682262));
#2196=CARTESIAN_POINT('',(0.057075728279394,0.029149322511855,0.516675437209517));
#2197=CARTESIAN_POINT('',(0.055578994987948,0.031771391165197,0.522823979325856));
#2198=CARTESIAN_POINT('',(0.054335695664343,0.033772909614873,0.528652833991913));
#2199=CARTESIAN_POINT('',(0.054326393304309,0.033787871137985,0.52869648912753));
#2200=CARTESIAN_POINT('',(0.05431709743715,0.03380280849215,0.528740157480315));
#2201=B_SPLINE_CURVE_WITH_KNOTS('',3,(#2189,#2190,#2191,#2192,#2193,#2194,#2195,#2196,#2197,#2198,#2199,#2200),.UNSPECIFIED.,.F.,.U.,(4,2,2,2,2,4),(-0.205766219409673,-0.199460181372658,-0.193154143335642,-0.17443411171776,-0.155714080099877,-0.155572861910965),.UNSPECIFIED.);
#2202=EDGE_CURVE('',#2188,#2177,#2201,.T.);
#2203=ORIENTED_EDGE('',*,*,#2202,.F.);
#2204=CARTESIAN_POINT('',(0.05431709743715,-0.03380280849215,0.528740157480315));
#2205=CARTESIAN_POINT('',(0.054326393304309,-0.033787871137985,0.52869648912753));
#2206=CARTESIAN_POINT('',(0.054335695664343,-0.033772909614873,0.528652833991913));
#2207=CARTESIAN_POINT('',(0.055578994987948,-0.031771391165196,0.522823979325856));
#2208=CARTESIAN_POINT('',(0.057075728279394,-0.029149322511854,0.516675437209518));
#2209=CARTESIAN_POINT('',(0.060116362066244,-0.022211379432743,0.505780687682264));
#2210=CARTESIAN_POINT('',(0.06165881374201,-0.017903766746762,0.501028817066026));
#2211=CARTESIAN_POINT('',(0.063084704667995,-0.010799562669464,0.496895238607844));
#2212=CARTESIAN_POINT('',(0.063416935967137,-0.008720413555523,0.495960891913791));
#2213=CARTESIAN_POINT('',(0.063864199795865,-0.004372341032261,0.494717960474696));
#2214=CARTESIAN_POINT('',(0.063976377952756,-0.002102012679005,0.494413268510115));
#2215=CARTESIAN_POINT('',(0.063976377952756,-8.673617E-019,0.494413268510115));
#2216=B_SPLINE_CURVE_WITH_KNOTS('',3,(#2204,#2205,#2206,#2207,#2208,#2209,#2210,#2211,#2212,#2213,#2214,#2215),.UNSPECIFIED.,.F.,.U.,(4,2,2,2,2,4),(-0.255959576908383,-0.255818358719471,-0.237098327101587,-0.218378295483702,-0.212072257446688,-0.205766219409673),.UNSPECIFIED.);
#2217=EDGE_CURVE('',#2179,#2188,#2216,.T.);
#2218=ORIENTED_EDGE('',*,*,#2217,.F.);
#2219=EDGE_LOOP('',(#2186,#2203,#2218));
#2220=FACE_BOUND('',#2219,.T.);
#2221=ADVANCED_FACE('',(#2164,#2175,#2220),#2153,.T.);
#2222=CARTESIAN_POINT('',(1.639109E-017,2.298961E-020,0.362598425196851));
#2223=DIRECTION('',(0.0,0.0,1.0));
#2224=DIRECTION('',(1.0,0.0,0.0));
#2225=AXIS2_PLACEMENT_3D('',#2222,#2223,#2224);
#2226=SPHERICAL_SURFACE('',#2225,0.063976377952756);
#2227=ORIENTED_EDGE('',*,*,#2172,.T.);
#2228=EDGE_LOOP('',(#2227));
#2229=FACE_OUTER_BOUND('',#2228,.T.);
#2230=CARTESIAN_POINT('',(1.639109E-017,-0.034406047688629,0.308661417322835));
#2231=VERTEX_POINT('',#2230);
#2232=CARTESIAN_POINT('',(1.639109E-017,2.298961E-020,0.308661417322835));
#2233=DIRECTION('',(0.0,0.0,-1.0));
#2234=DIRECTION('',(0.0,1.0,0.0));
#2235=AXIS2_PLACEMENT_3D('',#2232,#2233,#2234);
#2236=CIRCLE('',#2235,0.034406047688629);
#2237=EDGE_CURVE('',#2231,#2231,#2236,.T.);
#2238=ORIENTED_EDGE('',*,*,#2237,.F.);
#2239=EDGE_LOOP('',(#2238));
#2240=FACE_BOUND('',#2239,.T.);
#2241=ADVANCED_FACE('',(#2229,#2240),#2226,.T.);
#2242=CARTESIAN_POINT('',(0.056606571302448,2.298961E-020,0.683630243895318));
#2243=DIRECTION('',(0.0,0.0,1.0));
#2244=DIRECTION('',(1.0,0.0,0.0));
#2245=AXIS2_PLACEMENT_3D('',#2242,#2243,#2244);
#2246=SPHERICAL_SURFACE('',#2245,0.05);
#2247=ORIENTED_EDGE('',*,*,#2161,.F.);
#2248=EDGE_LOOP('',(#2247));
#2249=FACE_OUTER_BOUND('',#2248,.T.);
#2250=ADVANCED_FACE('',(#2249),#2246,.T.);
#2251=CARTESIAN_POINT('',(-1.612790E-034,-4.352024E-034,0.308661417322835));
#2252=DIRECTION('',(0.0,0.0,1.0));
#2253=DIRECTION('',(1.0,0.0,0.0));
#2254=AXIS2_PLACEMENT_3D('',#2251,#2252,#2253);
#2255=CYLINDRICAL_SURFACE('',#2254,0.063976377952756);
#2256=ORIENTED_EDGE('',*,*,#2202,.T.);
#2257=CARTESIAN_POINT('',(-1.612790E-034,-4.352024E-034,0.528740157480315));
#2258=DIRECTION('',(0.0,0.0,-1.0));
#2259=DIRECTION('',(1.0,0.0,0.0));
#2260=AXIS2_PLACEMENT_3D('',#2257,#2258,#2259);
#2261=CIRCLE('',#2260,0.063976377952756);
#2262=EDGE_CURVE('',#2179,#2177,#2261,.T.);
#2263=ORIENTED_EDGE('',*,*,#2262,.F.);
#2264=ORIENTED_EDGE('',*,*,#2217,.T.);
#2265=EDGE_LOOP('',(#2256,#2263,#2264));
#2266=FACE_OUTER_BOUND('',#2265,.T.);
#2267=CARTESIAN_POINT('',(-0.063976377952756,2.350454E-017,0.308661417322835));
#2268=VERTEX_POINT('',#2267);
#2269=CARTESIAN_POINT('',(-1.612790E-034,-4.352024E-034,0.308661417322835));
#2270=DIRECTION('',(0.0,0.0,1.0));
#2271=DIRECTION('',(1.0,0.0,0.0));
#2272=AXIS2_PLACEMENT_3D('',#2269,#2270,#2271);
#2273=CIRCLE('',#2272,0.063976377952756);
#2274=EDGE_CURVE('',#2268,#2268,#2273,.T.);
#2275=ORIENTED_EDGE('',*,*,#2274,.F.);
#2276=EDGE_LOOP('',(#2275));
#2277=FACE_BOUND('',#2276,.T.);
#2278=ADVANCED_FACE('',(#2266,#2277),#2255,.F.);
#2279=CARTESIAN_POINT('',(-0.083929759551717,-0.088777815312495,0.288582677165354));
#2280=DIRECTION('',(0.0,0.0,-1.0));
#2281=DIRECTION('',(-1.0,0.0,0.0));
#2282=AXIS2_PLACEMENT_3D('',#2279,#2280,#2281);
#2283=PLANE('',#2282);
#2284=CARTESIAN_POINT('',(0.076299781410652,-0.090157480314961,0.288582677165354));
#2285=VERTEX_POINT('',#2284);
#2286=CARTESIAN_POINT('',(-0.076299781410652,-0.090157480314961,0.288582677165354));
#2287=VERTEX_POINT('',#2286);
#2288=CARTESIAN_POINT('',(0.076299781410652,-0.090157480314961,0.288582677165354));
#2289=DIRECTION('',(-1.0,0.0,0.0));
#2290=VECTOR('',#2289,0.152599562821304);
#2291=LINE('',#2288,#2290);
#2292=EDGE_CURVE('',#2285,#2287,#2291,.T.);
#2293=ORIENTED_EDGE('',*,*,#2292,.F.);
#2294=CARTESIAN_POINT('',(-1.612790E-034,-4.352024E-034,0.288582677165354));
#2295=DIRECTION('',(0.0,0.0,-1.0));
#2296=DIRECTION('',(1.0,0.0,0.0));
#2297=AXIS2_PLACEMENT_3D('',#2294,#2295,#2296);
#2298=CIRCLE('',#2297,0.118110236220472);
#2299=EDGE_CURVE('',#2285,#2287,#2298,.T.);
#2300=ORIENTED_EDGE('',*,*,#2299,.T.);
#2301=EDGE_LOOP('',(#2293,#2300));
#2302=FACE_OUTER_BOUND('',#2301,.T.);
#2303=ADVANCED_FACE('',(#2302),#2283,.T.);
#2304=CARTESIAN_POINT('',(-0.083929759551717,0.119130445366731,0.288582677165354));
#2305=DIRECTION('',(0.0,0.0,-1.0));
#2306=DIRECTION('',(-1.0,0.0,0.0));
#2307=AXIS2_PLACEMENT_3D('',#2304,#2305,#2306);
#2308=PLANE('',#2307);
#2309=CARTESIAN_POINT('',(-0.076299781410652,0.090157480314961,0.288582677165354));
#2310=VERTEX_POINT('',#2309);
#2311=CARTESIAN_POINT('',(0.076299781410652,0.090157480314961,0.288582677165354));
#2312=VERTEX_POINT('',#2311);
#2313=CARTESIAN_POINT('',(-0.076299781410652,0.090157480314961,0.288582677165354));
#2314=DIRECTION('',(1.0,0.0,0.0));
#2315=VECTOR('',#2314,0.152599562821304);
#2316=LINE('',#2313,#2315);
#2317=EDGE_CURVE('',#2310,#2312,#2316,.T.);
#2318=ORIENTED_EDGE('',*,*,#2317,.F.);
#2319=CARTESIAN_POINT('',(-1.612790E-034,-4.352024E-034,0.288582677165354));
#2320=DIRECTION('',(0.0,0.0,-1.0));
#2321=DIRECTION('',(1.0,0.0,0.0));
#2322=AXIS2_PLACEMENT_3D('',#2319,#2320,#2321);
#2323=CIRCLE('',#2322,0.118110236220472);
#2324=EDGE_CURVE('',#2310,#2312,#2323,.T.);
#2325=ORIENTED_EDGE('',*,*,#2324,.T.);
#2326=EDGE_LOOP('',(#2318,#2325));
#2327=FACE_OUTER_BOUND('',#2326,.T.);
#2328=ADVANCED_FACE('',(#2327),#2308,.T.);
#2329=CARTESIAN_POINT('',(1.499457E-035,-3.983092E-034,-0.392519685039371));
#2330=DIRECTION('',(0.0,0.0,-1.0));
#2331=DIRECTION('',(-1.0,0.0,0.0));
#2332=AXIS2_PLACEMENT_3D('',#2329,#2330,#2331);
#2333=CONICAL_SURFACE('',#2332,1.0,44.999999999999986);
#2334=CARTESIAN_POINT('',(-0.078517402130581,-0.013779527559055,0.527762952880051));
#2335=VERTEX_POINT('',#2334);
#2336=CARTESIAN_POINT('',(-0.093478032051841,-0.013779527559055,0.512992125984252));
#2337=VERTEX_POINT('',#2336);
#2338=CARTESIAN_POINT('',(-0.078517402130581,-0.013779527559055,0.527762952880051));
#2339=CARTESIAN_POINT('',(-0.085363463838434,-0.013779527559055,0.521019942749047));
#2340=CARTESIAN_POINT('',(-0.093478032051841,-0.013779527559055,0.512992125984252));
#2348=(BOUNDED_CURVE()B_SPLINE_CURVE(2,(#2338,#2339,#2340),.UNSPECIFIED.,.F.,.U.)B_SPLINE_CURVE_WITH_KNOTS((3,3),(0.006886638882022,0.104166957166485),.UNSPECIFIED.)CURVE()GEOMETRIC_REPRESENTATION_ITEM()RATIONAL_B_SPLINE_CURVE((1.004021071945096,1.032172735961342,1.053287780436583))REPRESENTATION_ITEM(''));
#2349=EDGE_CURVE('',#2335,#2337,#2348,.T.);
#2350=ORIENTED_EDGE('',*,*,#2349,.T.);
#2351=CARTESIAN_POINT('',(-0.093478032051841,0.013779527559055,0.512992125984252));
#2352=VERTEX_POINT('',#2351);
#2353=CARTESIAN_POINT('',(-1.612790E-034,-4.352024E-034,0.512992125984252));
#2354=DIRECTION('',(0.0,0.0,1.0));
#2355=DIRECTION('',(0.989309172548647,0.145833333333333,0.0));
#2356=AXIS2_PLACEMENT_3D('',#2353,#2354,#2355);
#2357=CIRCLE('',#2356,0.094488188976378);
#2358=EDGE_CURVE('',#2337,#2352,#2357,.T.);
#2359=ORIENTED_EDGE('',*,*,#2358,.T.);
#2360=CARTESIAN_POINT('',(-0.078517402130581,0.013779527559055,0.527762952880051));
#2361=VERTEX_POINT('',#2360);
#2362=CARTESIAN_POINT('',(-0.093478032051841,0.013779527559055,0.512992125984252));
#2363=CARTESIAN_POINT('',(-0.085363463838559,0.013779527559055,0.521019942748924));
#2364=CARTESIAN_POINT('',(-0.078517402130581,0.013779527559055,0.527762952880051));
#2372=(BOUNDED_CURVE()B_SPLINE_CURVE(2,(#2362,#2363,#2364),.UNSPECIFIED.,.F.,.U.)B_SPLINE_CURVE_WITH_KNOTS((3,3),(0.687992254289257,0.785272572576138),.UNSPECIFIED.)CURVE()GEOMETRIC_REPRESENTATION_ITEM()RATIONAL_B_SPLINE_CURVE((1.053287780439273,1.032172735963034,1.004021071945225))REPRESENTATION_ITEM(''));
#2373=EDGE_CURVE('',#2352,#2361,#2372,.T.);
#2374=ORIENTED_EDGE('',*,*,#2373,.T.);
#2375=CARTESIAN_POINT('',(-0.078517402130581,0.005918611550817,0.528740157480315));
#2376=VERTEX_POINT('',#2375);
#2377=CARTESIAN_POINT('',(-0.078517402130581,0.013779527559055,0.527762952880051));
#2378=CARTESIAN_POINT('',(-0.078517402130581,0.009824830492925,0.52844654119492));
#2379=CARTESIAN_POINT('',(-0.078517402130581,0.005918611550817,0.528740157480315));
#2387=(BOUNDED_CURVE()B_SPLINE_CURVE(2,(#2377,#2378,#2379),.UNSPECIFIED.,.F.,.U.)B_SPLINE_CURVE_WITH_KNOTS((3,3),(0.874866390158775,0.916116450821632),.UNSPECIFIED.)CURVE()GEOMETRIC_REPRESENTATION_ITEM()RATIONAL_B_SPLINE_CURVE((1.043568385754754,1.022811320319683,1.0))REPRESENTATION_ITEM(''));
#2388=EDGE_CURVE('',#2361,#2376,#2387,.T.);
#2389=ORIENTED_EDGE('',*,*,#2388,.T.);
#2390=CARTESIAN_POINT('',(-0.078517402130581,-0.005918611550817,0.528740157480315));
#2391=VERTEX_POINT('',#2390);
#2392=CARTESIAN_POINT('',(1.912681E-034,-3.614160E-034,0.528740157480315));
#2393=DIRECTION('',(0.0,0.0,-1.0));
#2394=DIRECTION('',(0.989309172548647,0.145833333333333,0.0));
#2395=AXIS2_PLACEMENT_3D('',#2392,#2393,#2394);
#2396=CIRCLE('',#2395,0.078740157480315);
#2397=EDGE_CURVE('',#2376,#2391,#2396,.T.);
#2398=ORIENTED_EDGE('',*,*,#2397,.T.);
#2399=CARTESIAN_POINT('',(-0.078517402130581,-0.005918611550817,0.528740157480315));
#2400=CARTESIAN_POINT('',(-0.078517402130581,-0.009824830492925,0.52844654119492));
#2401=CARTESIAN_POINT('',(-0.078517402130581,-0.013779527559055,0.527762952880051));
#2409=(BOUNDED_CURVE()B_SPLINE_CURVE(2,(#2399,#2400,#2401),.UNSPECIFIED.,.F.,.U.)B_SPLINE_CURVE_WITH_KNOTS((3,3),(0.0,0.041250060662851),.UNSPECIFIED.)CURVE()GEOMETRIC_REPRESENTATION_ITEM()RATIONAL_B_SPLINE_CURVE((1.0,1.022811320319679,1.043568385754748))REPRESENTATION_ITEM(''));
#2410=EDGE_CURVE('',#2391,#2335,#2409,.T.);
#2411=ORIENTED_EDGE('',*,*,#2410,.T.);
#2412=EDGE_LOOP('',(#2350,#2359,#2374,#2389,#2398,#2411));
#2413=FACE_OUTER_BOUND('',#2412,.T.);
#2414=ADVANCED_FACE('',(#2413),#2333,.T.);
#2415=CARTESIAN_POINT('',(0.08660303546086,0.086552893829628,0.528740157480315));
#2416=DIRECTION('',(0.0,0.0,1.0));
#2417=DIRECTION('',(1.0,0.0,0.0));
#2418=AXIS2_PLACEMENT_3D('',#2415,#2416,#2417);
#2419=PLANE('',#2418);
#2420=ORIENTED_EDGE('',*,*,#2397,.F.);
#2421=CARTESIAN_POINT('',(-0.078517402130581,-0.005918611550817,0.528740157480315));
#2422=DIRECTION('',(0.0,1.0,0.0));
#2423=VECTOR('',#2422,0.011837223101634);
#2424=LINE('',#2421,#2423);
#2425=EDGE_CURVE('',#2391,#2376,#2424,.T.);
#2426=ORIENTED_EDGE('',*,*,#2425,.F.);
#2427=EDGE_LOOP('',(#2420,#2426));
#2428=FACE_OUTER_BOUND('',#2427,.T.);
#2429=ORIENTED_EDGE('',*,*,#2185,.T.);
#2430=ORIENTED_EDGE('',*,*,#2262,.T.);
#2431=EDGE_LOOP('',(#2429,#2430));
#2432=FACE_BOUND('',#2431,.T.);
#2433=ADVANCED_FACE('',(#2428,#2432),#2419,.T.);
#2434=CARTESIAN_POINT('',(-0.078517402130581,0.01515748031496,0.539744094488189));
#2435=DIRECTION('',(-1.0,0.0,0.0));
#2436=DIRECTION('',(0.0,0.0,1.0));
#2437=AXIS2_PLACEMENT_3D('',#2434,#2435,#2436);
#2438=PLANE('',#2437);
#2439=ORIENTED_EDGE('',*,*,#2410,.F.);
#2440=ORIENTED_EDGE('',*,*,#2425,.T.);
#2441=ORIENTED_EDGE('',*,*,#2388,.F.);
#2442=CARTESIAN_POINT('',(-0.078517402130581,0.013779527559055,0.308661417322835));
#2443=VERTEX_POINT('',#2442);
#2444=CARTESIAN_POINT('',(-0.078517402130581,0.013779527559055,0.308661417322835));
#2445=DIRECTION('',(0.0,0.0,1.0));
#2446=VECTOR('',#2445,0.219101535557216);
#2447=LINE('',#2444,#2446);
#2448=EDGE_CURVE('',#2443,#2361,#2447,.T.);
#2449=ORIENTED_EDGE('',*,*,#2448,.F.);
#2450=CARTESIAN_POINT('',(-0.078517402130581,-0.013779527559055,0.308661417322835));
#2451=VERTEX_POINT('',#2450);
#2452=CARTESIAN_POINT('',(-0.078517402130581,-0.013779527559055,0.308661417322835));
#2453=DIRECTION('',(0.0,1.0,0.0));
#2454=VECTOR('',#2453,0.02755905511811);
#2455=LINE('',#2452,#2454);
#2456=EDGE_CURVE('',#2451,#2443,#2455,.T.);
#2457=ORIENTED_EDGE('',*,*,#2456,.F.);
#2458=CARTESIAN_POINT('',(-0.078517402130581,-0.013779527559055,0.308661417322835));
#2459=DIRECTION('',(0.0,0.0,1.0));
#2460=VECTOR('',#2459,0.219101535557216);
#2461=LINE('',#2458,#2460);
#2462=EDGE_CURVE('',#2451,#2335,#2461,.T.);
#2463=ORIENTED_EDGE('',*,*,#2462,.T.);
#2464=EDGE_LOOP('',(#2439,#2440,#2441,#2449,#2457,#2463));
#2465=FACE_OUTER_BOUND('',#2464,.T.);
#2466=ADVANCED_FACE('',(#2465),#2438,.T.);
#2467=CARTESIAN_POINT('',(-0.077769370634518,-0.013779527559055,0.538718029657912));
#2468=DIRECTION('',(0.0,1.0,0.0));
#2469=DIRECTION('',(0.0,0.0,1.0));
#2470=AXIS2_PLACEMENT_3D('',#2467,#2468,#2469);
#2471=PLANE('',#2470);
#2472=ORIENTED_EDGE('',*,*,#2349,.F.);
#2473=ORIENTED_EDGE('',*,*,#2462,.F.);
#2474=CARTESIAN_POINT('',(-0.093478032051841,-0.013779527559055,0.308661417322835));
#2475=VERTEX_POINT('',#2474);
#2476=CARTESIAN_POINT('',(-0.093478032051841,-0.013779527559055,0.308661417322835));
#2477=DIRECTION('',(1.0,0.0,0.0));
#2478=VECTOR('',#2477,0.01496062992126);
#2479=LINE('',#2476,#2478);
#2480=EDGE_CURVE('',#2475,#2451,#2479,.T.);
#2481=ORIENTED_EDGE('',*,*,#2480,.F.);
#2482=CARTESIAN_POINT('',(-0.093478032051841,-0.013779527559055,0.308661417322835));
#2483=DIRECTION('',(0.0,0.0,1.0));
#2484=VECTOR('',#2483,0.204330708661417);
#2485=LINE('',#2482,#2484);
#2486=EDGE_CURVE('',#2475,#2337,#2485,.T.);
#2487=ORIENTED_EDGE('',*,*,#2486,.T.);
#2488=EDGE_LOOP('',(#2472,#2473,#2481,#2487));
#2489=FACE_OUTER_BOUND('',#2488,.T.);
#2490=ADVANCED_FACE('',(#2489),#2471,.T.);
#2491=CARTESIAN_POINT('',(-0.077769370634518,0.013779527559055,0.297706340544974));
#2492=DIRECTION('',(0.0,-1.0,0.0));
#2493=DIRECTION('',(0.0,0.0,-1.0));
#2494=AXIS2_PLACEMENT_3D('',#2491,#2492,#2493);
#2495=PLANE('',#2494);
#2496=ORIENTED_EDGE('',*,*,#2373,.F.);
#2497=CARTESIAN_POINT('',(-0.093478032051841,0.013779527559055,0.308661417322835));
#2498=VERTEX_POINT('',#2497);
#2499=CARTESIAN_POINT('',(-0.093478032051841,0.013779527559055,0.308661417322835));
#2500=DIRECTION('',(0.0,0.0,1.0));
#2501=VECTOR('',#2500,0.204330708661417);
#2502=LINE('',#2499,#2501);
#2503=EDGE_CURVE('',#2498,#2352,#2502,.T.);
#2504=ORIENTED_EDGE('',*,*,#2503,.F.);
#2505=CARTESIAN_POINT('',(-0.078517402130581,0.013779527559055,0.308661417322835));
#2506=DIRECTION('',(-1.0,0.0,0.0));
#2507=VECTOR('',#2506,0.01496062992126);
#2508=LINE('',#2505,#2507);
#2509=EDGE_CURVE('',#2443,#2498,#2508,.T.);
#2510=ORIENTED_EDGE('',*,*,#2509,.F.);
#2511=ORIENTED_EDGE('',*,*,#2448,.T.);
#2512=EDGE_LOOP('',(#2496,#2504,#2510,#2511));
#2513=FACE_OUTER_BOUND('',#2512,.T.);
#2514=ADVANCED_FACE('',(#2513),#2495,.T.);
#2515=CARTESIAN_POINT('',(-1.612790E-034,-4.352024E-034,0.298444881889764));
#2516=DIRECTION('',(0.0,0.0,1.0));
#2517=DIRECTION('',(-1.0,0.0,0.0));
#2518=AXIS2_PLACEMENT_3D('',#2515,#2516,#2517);
#2519=CYLINDRICAL_SURFACE('',#2518,0.094488188976378);
#2520=ORIENTED_EDGE('',*,*,#2358,.F.);
#2521=ORIENTED_EDGE('',*,*,#2486,.F.);
#2522=CARTESIAN_POINT('',(-1.612790E-034,-4.352024E-034,0.308661417322835));
#2523=DIRECTION('',(0.0,0.0,-1.0));
#2524=DIRECTION('',(0.989309172548647,0.145833333333333,0.0));
#2525=AXIS2_PLACEMENT_3D('',#2522,#2523,#2524);
#2526=CIRCLE('',#2525,0.094488188976378);
#2527=EDGE_CURVE('',#2498,#2475,#2526,.T.);
#2528=ORIENTED_EDGE('',*,*,#2527,.F.);
#2529=ORIENTED_EDGE('',*,*,#2503,.T.);
#2530=EDGE_LOOP('',(#2520,#2521,#2528,#2529));
#2531=FACE_OUTER_BOUND('',#2530,.T.);
#2532=ADVANCED_FACE('',(#2531),#2519,.T.);
#2533=CARTESIAN_POINT('',(-0.129921259842519,0.129921259842519,0.308661417322835));
#2534=DIRECTION('',(0.0,0.0,-1.0));
#2535=DIRECTION('',(-1.0,0.0,0.0));
#2536=AXIS2_PLACEMENT_3D('',#2533,#2534,#2535);
#2537=PLANE('',#2536);
#2538=CARTESIAN_POINT('',(-0.118110236220472,-4.352024E-034,0.308661417322835));
#2539=VERTEX_POINT('',#2538);
#2540=CARTESIAN_POINT('',(-1.612790E-034,-4.352024E-034,0.308661417322835));
#2541=DIRECTION('',(0.0,0.0,-1.0));
#2542=DIRECTION('',(1.0,0.0,0.0));
#2543=AXIS2_PLACEMENT_3D('',#2540,#2541,#2542);
#2544=CIRCLE('',#2543,0.118110236220472);
#2545=EDGE_CURVE('',#2539,#2539,#2544,.T.);
#2546=ORIENTED_EDGE('',*,*,#2545,.F.);
#2547=EDGE_LOOP('',(#2546));
#2548=FACE_OUTER_BOUND('',#2547,.T.);
#2549=ORIENTED_EDGE('',*,*,#2480,.T.);
#2550=ORIENTED_EDGE('',*,*,#2456,.T.);
#2551=ORIENTED_EDGE('',*,*,#2509,.T.);
#2552=ORIENTED_EDGE('',*,*,#2527,.T.);
#2553=EDGE_LOOP('',(#2549,#2550,#2551,#2552));
#2554=FACE_BOUND('',#2553,.T.);
#2555=ADVANCED_FACE('',(#2548,#2554),#2537,.F.);
#2556=CARTESIAN_POINT('',(-1.612790E-034,-4.352024E-034,0.28757874015748));
#2557=DIRECTION('',(0.0,0.0,1.0));
#2558=DIRECTION('',(1.0,0.0,0.0));
#2559=AXIS2_PLACEMENT_3D('',#2556,#2557,#2558);
#2560=CYLINDRICAL_SURFACE('',#2559,0.118110236220472);
#2561=ORIENTED_EDGE('',*,*,#2545,.T.);
#2562=EDGE_LOOP('',(#2561));
#2563=FACE_OUTER_BOUND('',#2562,.T.);
#2564=CARTESIAN_POINT('',(-1.612790E-034,-4.352024E-034,0.288582677165354));
#2565=DIRECTION('',(0.0,0.0,-1.0));
#2566=DIRECTION('',(1.0,0.0,0.0));
#2567=AXIS2_PLACEMENT_3D('',#2564,#2565,#2566);
#2568=CIRCLE('',#2567,0.118110236220472);
#2569=EDGE_CURVE('',#2312,#2285,#2568,.T.);
#2570=ORIENTED_EDGE('',*,*,#2569,.F.);
#2571=ORIENTED_EDGE('',*,*,#2324,.F.);
#2572=CARTESIAN_POINT('',(-1.612790E-034,-4.352024E-034,0.288582677165354));
#2573=DIRECTION('',(0.0,0.0,-1.0));
#2574=DIRECTION('',(1.0,0.0,0.0));
#2575=AXIS2_PLACEMENT_3D('',#2572,#2573,#2574);
#2576=CIRCLE('',#2575,0.118110236220472);
#2577=EDGE_CURVE('',#2287,#2310,#2576,.T.);
#2578=ORIENTED_EDGE('',*,*,#2577,.F.);
#2579=ORIENTED_EDGE('',*,*,#2299,.F.);
#2580=EDGE_LOOP('',(#2570,#2571,#2578,#2579));
#2581=FACE_BOUND('',#2580,.T.);
#2582=ADVANCED_FACE('',(#2563,#2581),#2560,.T.);
#2583=CARTESIAN_POINT('',(-0.070374015748032,0.070374015748032,0.308661417322835));
#2584=DIRECTION('',(0.0,0.0,-1.0));
#2585=DIRECTION('',(-1.0,0.0,0.0));
#2586=AXIS2_PLACEMENT_3D('',#2583,#2584,#2585);
#2587=PLANE('',#2586);
#2588=ORIENTED_EDGE('',*,*,#2274,.T.);
#2589=EDGE_LOOP('',(#2588));
#2590=FACE_OUTER_BOUND('',#2589,.T.);
#2591=ORIENTED_EDGE('',*,*,#2237,.T.);
#2592=EDGE_LOOP('',(#2591));
#2593=FACE_BOUND('',#2592,.T.);
#2594=ADVANCED_FACE('',(#2590,#2593),#2587,.F.);
#2595=CARTESIAN_POINT('',(-0.072112801977247,0.099173228346457,0.288582677165354));
#2596=DIRECTION('',(0.0,0.0,1.0));
#2597=DIRECTION('',(1.0,0.0,0.0));
#2598=AXIS2_PLACEMENT_3D('',#2595,#2596,#2597);
#2599=PLANE('',#2598);
#2600=ORIENTED_EDGE('',*,*,#2577,.T.);
#2601=CARTESIAN_POINT('',(-0.16003937007874,0.090157480314961,0.288582677165354));
#2602=VERTEX_POINT('',#2601);
#2603=CARTESIAN_POINT('',(-0.16003937007874,0.090157480314961,0.288582677165354));
#2604=DIRECTION('',(1.0,0.0,0.0));
#2605=VECTOR('',#2604,0.083739588668088);
#2606=LINE('',#2603,#2605);
#2607=EDGE_CURVE('',#2602,#2310,#2606,.T.);
#2608=ORIENTED_EDGE('',*,*,#2607,.F.);
#2609=CARTESIAN_POINT('',(-0.16003937007874,-0.090157480314961,0.288582677165354));
#2610=VERTEX_POINT('',#2609);
#2611=CARTESIAN_POINT('',(-0.16003937007874,-0.090157480314961,0.288582677165354));
#2612=DIRECTION('',(0.0,1.0,0.0));
#2613=VECTOR('',#2612,0.180314960629922);
#2614=LINE('',#2611,#2613);
#2615=EDGE_CURVE('',#2610,#2602,#2614,.T.);
#2616=ORIENTED_EDGE('',*,*,#2615,.F.);
#2617=CARTESIAN_POINT('',(-0.076299781410652,-0.090157480314961,0.288582677165354));
#2618=DIRECTION('',(-1.0,0.0,0.0));
#2619=VECTOR('',#2618,0.083739588668088);
#2620=LINE('',#2617,#2619);
#2621=EDGE_CURVE('',#2287,#2610,#2620,.T.);
#2622=ORIENTED_EDGE('',*,*,#2621,.F.);
#2623=EDGE_LOOP('',(#2600,#2608,#2616,#2622));
#2624=FACE_OUTER_BOUND('',#2623,.T.);
#2625=ADVANCED_FACE('',(#2624),#2599,.T.);
#2626=CARTESIAN_POINT('',(0.164226349512144,0.099173228346457,0.288582677165354));
#2627=DIRECTION('',(0.0,0.0,1.0));
#2628=DIRECTION('',(1.0,0.0,0.0));
#2629=AXIS2_PLACEMENT_3D('',#2626,#2627,#2628);
#2630=PLANE('',#2629);
#2631=ORIENTED_EDGE('',*,*,#2569,.T.);
#2632=CARTESIAN_POINT('',(0.16003937007874,-0.090157480314961,0.288582677165354));
#2633=VERTEX_POINT('',#2632);
#2634=CARTESIAN_POINT('',(0.16003937007874,-0.090157480314961,0.288582677165354));
#2635=DIRECTION('',(-1.0,0.0,0.0));
#2636=VECTOR('',#2635,0.083739588668088);
#2637=LINE('',#2634,#2636);
#2638=EDGE_CURVE('',#2633,#2285,#2637,.T.);
#2639=ORIENTED_EDGE('',*,*,#2638,.F.);
#2640=CARTESIAN_POINT('',(0.16003937007874,0.090157480314961,0.288582677165354));
#2641=VERTEX_POINT('',#2640);
#2642=CARTESIAN_POINT('',(0.16003937007874,0.090157480314961,0.288582677165354));
#2643=DIRECTION('',(0.0,-1.0,0.0));
#2644=VECTOR('',#2643,0.180314960629922);
#2645=LINE('',#2642,#2644);
#2646=EDGE_CURVE('',#2641,#2633,#2645,.T.);
#2647=ORIENTED_EDGE('',*,*,#2646,.F.);
#2648=CARTESIAN_POINT('',(0.076299781410652,0.090157480314961,0.288582677165354));
#2649=DIRECTION('',(1.0,0.0,0.0));
#2650=VECTOR('',#2649,0.083739588668088);
#2651=LINE('',#2648,#2650);
#2652=EDGE_CURVE('',#2312,#2641,#2651,.T.);
#2653=ORIENTED_EDGE('',*,*,#2652,.F.);
#2654=EDGE_LOOP('',(#2631,#2639,#2647,#2653));
#2655=FACE_OUTER_BOUND('',#2654,.T.);
#2656=ADVANCED_FACE('',(#2655),#2630,.T.);
#2657=CARTESIAN_POINT('',(-0.081299212598425,-0.087598425196851,0.096935732433372));
#2658=DIRECTION('',(-1.0,0.0,0.0));
#2659=DIRECTION('',(0.0,0.0,1.0));
#2660=AXIS2_PLACEMENT_3D('',#2657,#2658,#2659);
#2661=PLANE('',#2660);
#2662=CARTESIAN_POINT('',(-0.081299212598425,-0.088188976377953,0.095669291338583));
#2663=VERTEX_POINT('',#2662);
#2664=CARTESIAN_POINT('',(-0.081299212598425,-0.1,0.070340469442801));
#2665=VERTEX_POINT('',#2664);
#2666=CARTESIAN_POINT('',(-0.081299212598425,-0.088188976377953,0.095669291338583));
#2667=DIRECTION('',(0.0,-0.422618261740701,-0.906307787036649));
#2668=VECTOR('',#2667,0.027947262793139);
#2669=LINE('',#2666,#2668);
#2670=EDGE_CURVE('',#2663,#2665,#2669,.T.);
#2671=ORIENTED_EDGE('',*,*,#2670,.F.);
#2672=CARTESIAN_POINT('',(-0.081299212598425,-0.1,0.095669291338583));
#2673=VERTEX_POINT('',#2672);
#2674=CARTESIAN_POINT('',(-0.081299212598425,-0.088188976377953,0.095669291338583));
#2675=DIRECTION('',(0.0,-1.0,0.0));
#2676=VECTOR('',#2675,0.011811023622047);
#2677=LINE('',#2674,#2676);
#2678=EDGE_CURVE('',#2663,#2673,#2677,.T.);
#2679=ORIENTED_EDGE('',*,*,#2678,.T.);
#2680=CARTESIAN_POINT('',(-0.081299212598425,-0.1,0.070340469442801));
#2681=DIRECTION('',(0.0,0.0,1.0));
#2682=VECTOR('',#2681,0.025328821895782);
#2683=LINE('',#2680,#2682);
#2684=EDGE_CURVE('',#2665,#2673,#2683,.T.);
#2685=ORIENTED_EDGE('',*,*,#2684,.F.);
#2686=EDGE_LOOP('',(#2671,#2679,#2685));
#2687=FACE_OUTER_BOUND('',#2686,.T.);
#2688=ADVANCED_FACE('',(#2687),#2661,.F.);
#2689=CARTESIAN_POINT('',(0.101256046749762,-0.088188976377953,0.025728346456693));
#2690=DIRECTION('',(0.0,-1.0,0.0));
#2691=DIRECTION('',(0.0,0.0,-1.0));
#2692=AXIS2_PLACEMENT_3D('',#2689,#2690,#2691);
#2693=PLANE('',#2692);
#2694=CARTESIAN_POINT('',(0.081299212598425,-0.088188976377953,0.064173228346457));
#2695=VERTEX_POINT('',#2694);
#2696=CARTESIAN_POINT('',(0.092050951590692,-0.088188976377953,0.034964337417464));
#2697=VERTEX_POINT('',#2696);
#2698=CARTESIAN_POINT('',(0.081299212598425,-0.088188976377953,0.064173228346457));
#2699=DIRECTION('',(0.345438542726519,0.0,-0.938441374407043));
#2700=VECTOR('',#2699,0.031124896797574);
#2701=LINE('',#2698,#2700);
#2702=EDGE_CURVE('',#2695,#2697,#2701,.T.);
#2703=ORIENTED_EDGE('',*,*,#2702,.T.);
#2704=CARTESIAN_POINT('',(0.084645669291339,-0.088188976377953,0.02755905511811));
#2705=VERTEX_POINT('',#2704);
#2706=CARTESIAN_POINT('',(0.092050951590692,-0.088188976377953,0.034964337417464));
#2707=DIRECTION('',(-0.707106781186548,0.0,-0.707106781186547));
#2708=VECTOR('',#2707,0.010472650660947);
#2709=LINE('',#2706,#2708);
#2710=EDGE_CURVE('',#2697,#2705,#2709,.T.);
#2711=ORIENTED_EDGE('',*,*,#2710,.T.);
#2712=CARTESIAN_POINT('',(-0.084645669291339,-0.088188976377953,0.02755905511811));
#2713=VERTEX_POINT('',#2712);
#2714=CARTESIAN_POINT('',(-0.084645669291339,-0.088188976377953,0.02755905511811));
#2715=DIRECTION('',(1.0,0.0,0.0));
#2716=VECTOR('',#2715,0.169291338582678);
#2717=LINE('',#2714,#2716);
#2718=EDGE_CURVE('',#2713,#2705,#2717,.T.);
#2719=ORIENTED_EDGE('',*,*,#2718,.F.);
#2720=CARTESIAN_POINT('',(-0.092050951590692,-0.088188976377953,0.034964337417464));
#2721=VERTEX_POINT('',#2720);
#2722=CARTESIAN_POINT('',(-0.084645669291339,-0.088188976377953,0.02755905511811));
#2723=DIRECTION('',(-0.707106781186547,0.0,0.707106781186548));
#2724=VECTOR('',#2723,0.010472650660947);
#2725=LINE('',#2722,#2724);
#2726=EDGE_CURVE('',#2713,#2721,#2725,.T.);
#2727=ORIENTED_EDGE('',*,*,#2726,.T.);
#2728=CARTESIAN_POINT('',(-0.081299212598425,-0.088188976377953,0.064173228346457));
#2729=VERTEX_POINT('',#2728);
#2730=CARTESIAN_POINT('',(-0.092050951590692,-0.088188976377953,0.034964337417464));
#2731=DIRECTION('',(0.345438542726519,0.0,0.938441374407043));
#2732=VECTOR('',#2731,0.031124896797574);
#2733=LINE('',#2730,#2732);
#2734=EDGE_CURVE('',#2721,#2729,#2733,.T.);
#2735=ORIENTED_EDGE('',*,*,#2734,.T.);
#2736=CARTESIAN_POINT('',(0.081299212598425,-0.088188976377953,0.064173228346457));
#2737=DIRECTION('',(-1.0,0.0,0.0));
#2738=VECTOR('',#2737,0.16259842519685);
#2739=LINE('',#2736,#2738);
#2740=EDGE_CURVE('',#2695,#2729,#2739,.T.);
#2741=ORIENTED_EDGE('',*,*,#2740,.F.);
#2742=EDGE_LOOP('',(#2703,#2711,#2719,#2727,#2735,#2741));
#2743=FACE_OUTER_BOUND('',#2742,.T.);
#2744=ADVANCED_FACE('',(#2743),#2693,.F.);
#2745=CARTESIAN_POINT('',(0.081299212598425,0.100590551181102,0.069074028348012));
#2746=DIRECTION('',(1.0,0.0,0.0));
#2747=DIRECTION('',(0.0,0.0,-1.0));
#2748=AXIS2_PLACEMENT_3D('',#2745,#2746,#2747);
#2749=PLANE('',#2748);
#2750=CARTESIAN_POINT('',(0.081299212598425,0.088188976377953,0.095669291338583));
#2751=VERTEX_POINT('',#2750);
#2752=CARTESIAN_POINT('',(0.081299212598425,0.1,0.070340469442801));
#2753=VERTEX_POINT('',#2752);
#2754=CARTESIAN_POINT('',(0.081299212598425,0.088188976377953,0.095669291338583));
#2755=DIRECTION('',(0.0,0.422618261740698,-0.90630778703665));
#2756=VECTOR('',#2755,0.027947262793139);
#2757=LINE('',#2754,#2756);
#2758=EDGE_CURVE('',#2751,#2753,#2757,.T.);
#2759=ORIENTED_EDGE('',*,*,#2758,.F.);
#2760=CARTESIAN_POINT('',(0.081299212598425,0.1,0.095669291338583));
#2761=VERTEX_POINT('',#2760);
#2762=CARTESIAN_POINT('',(0.081299212598425,0.1,0.095669291338583));
#2763=DIRECTION('',(0.0,-1.0,0.0));
#2764=VECTOR('',#2763,0.011811023622047);
#2765=LINE('',#2762,#2764);
#2766=EDGE_CURVE('',#2761,#2751,#2765,.T.);
#2767=ORIENTED_EDGE('',*,*,#2766,.F.);
#2768=CARTESIAN_POINT('',(0.081299212598425,0.1,0.070340469442801));
#2769=DIRECTION('',(0.0,0.0,1.0));
#2770=VECTOR('',#2769,0.025328821895782);
#2771=LINE('',#2768,#2770);
#2772=EDGE_CURVE('',#2753,#2761,#2771,.T.);
#2773=ORIENTED_EDGE('',*,*,#2772,.F.);
#2774=EDGE_LOOP('',(#2759,#2767,#2773));
#2775=FACE_OUTER_BOUND('',#2774,.T.);
#2776=ADVANCED_FACE('',(#2775),#2749,.F.);
#2777=CARTESIAN_POINT('',(-0.081299212598425,0.100590551181102,0.096935732433372));
#2778=DIRECTION('',(-1.0,0.0,0.0));
#2779=DIRECTION('',(0.0,0.0,1.0));
#2780=AXIS2_PLACEMENT_3D('',#2777,#2778,#2779);
#2781=PLANE('',#2780);
#2782=CARTESIAN_POINT('',(-0.081299212598425,0.1,0.070340469442801));
#2783=VERTEX_POINT('',#2782);
#2784=CARTESIAN_POINT('',(-0.081299212598425,0.088188976377953,0.095669291338583));
#2785=VERTEX_POINT('',#2784);
#2786=CARTESIAN_POINT('',(-0.081299212598425,0.1,0.070340469442801));
#2787=DIRECTION('',(0.0,-0.422618261740699,0.90630778703665));
#2788=VECTOR('',#2787,0.027947262793139);
#2789=LINE('',#2786,#2788);
#2790=EDGE_CURVE('',#2783,#2785,#2789,.T.);
#2791=ORIENTED_EDGE('',*,*,#2790,.F.);
#2792=CARTESIAN_POINT('',(-0.081299212598425,0.1,0.095669291338583));
#2793=VERTEX_POINT('',#2792);
#2794=CARTESIAN_POINT('',(-0.081299212598425,0.1,0.095669291338583));
#2795=DIRECTION('',(0.0,0.0,-1.0));
#2796=VECTOR('',#2795,0.025328821895782);
#2797=LINE('',#2794,#2796);
#2798=EDGE_CURVE('',#2793,#2783,#2797,.T.);
#2799=ORIENTED_EDGE('',*,*,#2798,.F.);
#2800=CARTESIAN_POINT('',(-0.081299212598425,0.1,0.095669291338583));
#2801=DIRECTION('',(0.0,-1.0,0.0));
#2802=VECTOR('',#2801,0.011811023622047);
#2803=LINE('',#2800,#2802);
#2804=EDGE_CURVE('',#2793,#2785,#2803,.T.);
#2805=ORIENTED_EDGE('',*,*,#2804,.T.);
#2806=EDGE_LOOP('',(#2791,#2799,#2805));
#2807=FACE_OUTER_BOUND('',#2806,.T.);
#2808=ADVANCED_FACE('',(#2807),#2781,.F.);
#2809=CARTESIAN_POINT('',(0.101256046749762,0.088188976377953,0.066003937007874));
#2810=DIRECTION('',(0.0,1.0,0.0));
#2811=DIRECTION('',(0.0,0.0,1.0));
#2812=AXIS2_PLACEMENT_3D('',#2809,#2810,#2811);
#2813=PLANE('',#2812);
#2814=CARTESIAN_POINT('',(0.092050951590692,0.088188976377953,0.034964337417464));
#2815=VERTEX_POINT('',#2814);
#2816=CARTESIAN_POINT('',(0.081299212598425,0.088188976377953,0.064173228346457));
#2817=VERTEX_POINT('',#2816);
#2818=CARTESIAN_POINT('',(0.092050951590692,0.088188976377953,0.034964337417464));
#2819=DIRECTION('',(-0.345438542726519,0.0,0.938441374407042));
#2820=VECTOR('',#2819,0.031124896797574);
#2821=LINE('',#2818,#2820);
#2822=EDGE_CURVE('',#2815,#2817,#2821,.T.);
#2823=ORIENTED_EDGE('',*,*,#2822,.T.);
#2824=CARTESIAN_POINT('',(-0.081299212598425,0.088188976377953,0.064173228346457));
#2825=VERTEX_POINT('',#2824);
#2826=CARTESIAN_POINT('',(-0.081299212598425,0.088188976377953,0.064173228346457));
#2827=DIRECTION('',(1.0,0.0,0.0));
#2828=VECTOR('',#2827,0.16259842519685);
#2829=LINE('',#2826,#2828);
#2830=EDGE_CURVE('',#2825,#2817,#2829,.T.);
#2831=ORIENTED_EDGE('',*,*,#2830,.F.);
#2832=CARTESIAN_POINT('',(-0.092050951590692,0.088188976377953,0.034964337417464));
#2833=VERTEX_POINT('',#2832);
#2834=CARTESIAN_POINT('',(-0.081299212598425,0.088188976377953,0.064173228346457));
#2835=DIRECTION('',(-0.345438542726519,0.0,-0.938441374407043));
#2836=VECTOR('',#2835,0.031124896797574);
#2837=LINE('',#2834,#2836);
#2838=EDGE_CURVE('',#2825,#2833,#2837,.T.);
#2839=ORIENTED_EDGE('',*,*,#2838,.T.);
#2840=CARTESIAN_POINT('',(-0.084645669291339,0.088188976377953,0.02755905511811));
#2841=VERTEX_POINT('',#2840);
#2842=CARTESIAN_POINT('',(-0.092050951590692,0.088188976377953,0.034964337417464));
#2843=DIRECTION('',(0.707106781186548,0.0,-0.707106781186547));
#2844=VECTOR('',#2843,0.010472650660947);
#2845=LINE('',#2842,#2844);
#2846=EDGE_CURVE('',#2833,#2841,#2845,.T.);
#2847=ORIENTED_EDGE('',*,*,#2846,.T.);
#2848=CARTESIAN_POINT('',(0.084645669291339,0.088188976377953,0.02755905511811));
#2849=VERTEX_POINT('',#2848);
#2850=CARTESIAN_POINT('',(0.084645669291339,0.088188976377953,0.02755905511811));
#2851=DIRECTION('',(-1.0,0.0,0.0));
#2852=VECTOR('',#2851,0.169291338582678);
#2853=LINE('',#2850,#2852);
#2854=EDGE_CURVE('',#2849,#2841,#2853,.T.);
#2855=ORIENTED_EDGE('',*,*,#2854,.F.);
#2856=CARTESIAN_POINT('',(0.084645669291339,0.088188976377953,0.02755905511811));
#2857=DIRECTION('',(0.707106781186548,0.0,0.707106781186547));
#2858=VECTOR('',#2857,0.010472650660947);
#2859=LINE('',#2856,#2858);
#2860=EDGE_CURVE('',#2849,#2815,#2859,.T.);
#2861=ORIENTED_EDGE('',*,*,#2860,.T.);
#2862=EDGE_LOOP('',(#2823,#2831,#2839,#2847,#2855,#2861));
#2863=FACE_OUTER_BOUND('',#2862,.T.);
#2864=ADVANCED_FACE('',(#2863),#2813,.F.);
#2865=CARTESIAN_POINT('',(0.144320866141732,0.098523622047244,0.284645669291339));
#2866=DIRECTION('',(0.0,0.0,1.0));
#2867=DIRECTION('',(1.0,0.0,0.0));
#2868=AXIS2_PLACEMENT_3D('',#2865,#2866,#2867);
#2869=PLANE('',#2868);
#2870=CARTESIAN_POINT('',(0.144291338582677,0.098031496062992,0.284645669291339));
#2871=VERTEX_POINT('',#2870);
#2872=CARTESIAN_POINT('',(0.144291338582677,0.088188976377953,0.284645669291339));
#2873=VERTEX_POINT('',#2872);
#2874=CARTESIAN_POINT('',(0.144291338582677,0.098031496062992,0.284645669291339));
#2875=DIRECTION('',(0.0,-1.0,0.0));
#2876=VECTOR('',#2875,0.009842519685039);
#2877=LINE('',#2874,#2876);
#2878=EDGE_CURVE('',#2871,#2873,#2877,.T.);
#2879=ORIENTED_EDGE('',*,*,#2878,.T.);
#2880=CARTESIAN_POINT('',(0.143700787401575,0.088188976377953,0.284645669291339));
#2881=VERTEX_POINT('',#2880);
#2882=CARTESIAN_POINT('',(0.144291338582677,0.088188976377953,0.284645669291339));
#2883=DIRECTION('',(-1.0,0.0,0.0));
#2884=VECTOR('',#2883,0.000590551181102);
#2885=LINE('',#2882,#2884);
#2886=EDGE_CURVE('',#2873,#2881,#2885,.T.);
#2887=ORIENTED_EDGE('',*,*,#2886,.T.);
#2888=CARTESIAN_POINT('',(0.143700787401575,0.098031496062992,0.284645669291339));
#2889=VERTEX_POINT('',#2888);
#2890=CARTESIAN_POINT('',(0.143700787401575,0.098031496062992,0.284645669291339));
#2891=DIRECTION('',(0.0,-1.0,0.0));
#2892=VECTOR('',#2891,0.009842519685039);
#2893=LINE('',#2890,#2892);
#2894=EDGE_CURVE('',#2889,#2881,#2893,.T.);
#2895=ORIENTED_EDGE('',*,*,#2894,.F.);
#2896=CARTESIAN_POINT('',(0.144291338582677,0.098031496062992,0.284645669291339));
#2897=DIRECTION('',(-1.0,0.0,0.0));
#2898=VECTOR('',#2897,0.000590551181102);
#2899=LINE('',#2896,#2898);
#2900=EDGE_CURVE('',#2871,#2889,#2899,.T.);
#2901=ORIENTED_EDGE('',*,*,#2900,.F.);
#2902=EDGE_LOOP('',(#2879,#2887,#2895,#2901));
#2903=FACE_OUTER_BOUND('',#2902,.T.);
#2904=ADVANCED_FACE('',(#2903),#2869,.F.);
#2905=CARTESIAN_POINT('',(-0.14367125984252,0.098523622047244,0.284645669291339));
#2906=DIRECTION('',(0.0,0.0,1.0));
#2907=DIRECTION('',(1.0,0.0,0.0));
#2908=AXIS2_PLACEMENT_3D('',#2905,#2906,#2907);
#2909=PLANE('',#2908);
#2910=CARTESIAN_POINT('',(-0.144291338582677,0.088188976377953,0.284645669291339));
#2911=VERTEX_POINT('',#2910);
#2912=CARTESIAN_POINT('',(-0.144291338582677,0.098031496062992,0.284645669291339));
#2913=VERTEX_POINT('',#2912);
#2914=CARTESIAN_POINT('',(-0.144291338582677,0.088188976377953,0.284645669291339));
#2915=DIRECTION('',(0.0,1.0,0.0));
#2916=VECTOR('',#2915,0.009842519685039);
#2917=LINE('',#2914,#2916);
#2918=EDGE_CURVE('',#2911,#2913,#2917,.T.);
#2919=ORIENTED_EDGE('',*,*,#2918,.T.);
#2920=CARTESIAN_POINT('',(-0.143700787401575,0.098031496062992,0.284645669291339));
#2921=VERTEX_POINT('',#2920);
#2922=CARTESIAN_POINT('',(-0.143700787401575,0.098031496062992,0.284645669291339));
#2923=DIRECTION('',(-1.0,0.0,0.0));
#2924=VECTOR('',#2923,0.000590551181102);
#2925=LINE('',#2922,#2924);
#2926=EDGE_CURVE('',#2921,#2913,#2925,.T.);
#2927=ORIENTED_EDGE('',*,*,#2926,.F.);
#2928=CARTESIAN_POINT('',(-0.143700787401575,0.088188976377953,0.284645669291339));
#2929=VERTEX_POINT('',#2928);
#2930=CARTESIAN_POINT('',(-0.143700787401575,0.098031496062992,0.284645669291339));
#2931=DIRECTION('',(0.0,-1.0,0.0));
#2932=VECTOR('',#2931,0.009842519685039);
#2933=LINE('',#2930,#2932);
#2934=EDGE_CURVE('',#2921,#2929,#2933,.T.);
#2935=ORIENTED_EDGE('',*,*,#2934,.T.);
#2936=CARTESIAN_POINT('',(-0.143700787401575,0.088188976377953,0.284645669291339));
#2937=DIRECTION('',(-1.0,0.0,0.0));
#2938=VECTOR('',#2937,0.000590551181102);
#2939=LINE('',#2936,#2938);
#2940=EDGE_CURVE('',#2929,#2911,#2939,.T.);
#2941=ORIENTED_EDGE('',*,*,#2940,.T.);
#2942=EDGE_LOOP('',(#2919,#2927,#2935,#2941));
#2943=FACE_OUTER_BOUND('',#2942,.T.);
#2944=ADVANCED_FACE('',(#2943),#2909,.F.);
#2945=CARTESIAN_POINT('',(-0.14367125984252,-0.087696850393701,0.284645669291339));
#2946=DIRECTION('',(0.0,0.0,1.0));
#2947=DIRECTION('',(1.0,0.0,0.0));
#2948=AXIS2_PLACEMENT_3D('',#2945,#2946,#2947);
#2949=PLANE('',#2948);
#2950=CARTESIAN_POINT('',(-0.144291338582677,-0.088188976377953,0.284645669291339));
#2951=VERTEX_POINT('',#2950);
#2952=CARTESIAN_POINT('',(-0.143700787401575,-0.088188976377953,0.284645669291339));
#2953=VERTEX_POINT('',#2952);
#2954=CARTESIAN_POINT('',(-0.144291338582677,-0.088188976377953,0.284645669291339));
#2955=DIRECTION('',(1.0,0.0,0.0));
#2956=VECTOR('',#2955,0.000590551181102);
#2957=LINE('',#2954,#2956);
#2958=EDGE_CURVE('',#2951,#2953,#2957,.T.);
#2959=ORIENTED_EDGE('',*,*,#2958,.T.);
#2960=CARTESIAN_POINT('',(-0.143700787401575,-0.098031496062992,0.284645669291339));
#2961=VERTEX_POINT('',#2960);
#2962=CARTESIAN_POINT('',(-0.143700787401575,-0.088188976377953,0.284645669291339));
#2963=DIRECTION('',(0.0,-1.0,0.0));
#2964=VECTOR('',#2963,0.009842519685039);
#2965=LINE('',#2962,#2964);
#2966=EDGE_CURVE('',#2953,#2961,#2965,.T.);
#2967=ORIENTED_EDGE('',*,*,#2966,.T.);
#2968=CARTESIAN_POINT('',(-0.144291338582677,-0.098031496062992,0.284645669291339));
#2969=VERTEX_POINT('',#2968);
#2970=CARTESIAN_POINT('',(-0.144291338582677,-0.098031496062992,0.284645669291339));
#2971=DIRECTION('',(1.0,0.0,0.0));
#2972=VECTOR('',#2971,0.000590551181102);
#2973=LINE('',#2970,#2972);
#2974=EDGE_CURVE('',#2969,#2961,#2973,.T.);
#2975=ORIENTED_EDGE('',*,*,#2974,.F.);
#2976=CARTESIAN_POINT('',(-0.144291338582677,-0.098031496062992,0.284645669291339));
#2977=DIRECTION('',(0.0,1.0,0.0));
#2978=VECTOR('',#2977,0.009842519685039);
#2979=LINE('',#2976,#2978);
#2980=EDGE_CURVE('',#2969,#2951,#2979,.T.);
#2981=ORIENTED_EDGE('',*,*,#2980,.T.);
#2982=EDGE_LOOP('',(#2959,#2967,#2975,#2981));
#2983=FACE_OUTER_BOUND('',#2982,.T.);
#2984=ADVANCED_FACE('',(#2983),#2949,.F.);
#2985=CARTESIAN_POINT('',(0.144320866141732,-0.087696850393701,0.284645669291339));
#2986=DIRECTION('',(0.0,0.0,1.0));
#2987=DIRECTION('',(1.0,0.0,0.0));
#2988=AXIS2_PLACEMENT_3D('',#2985,#2986,#2987);
#2989=PLANE('',#2988);
#2990=CARTESIAN_POINT('',(0.143700787401575,-0.088188976377953,0.284645669291339));
#2991=VERTEX_POINT('',#2990);
#2992=CARTESIAN_POINT('',(0.144291338582677,-0.088188976377953,0.284645669291339));
#2993=VERTEX_POINT('',#2992);
#2994=CARTESIAN_POINT('',(0.143700787401575,-0.088188976377953,0.284645669291339));
#2995=DIRECTION('',(1.0,0.0,0.0));
#2996=VECTOR('',#2995,0.000590551181102);
#2997=LINE('',#2994,#2996);
#2998=EDGE_CURVE('',#2991,#2993,#2997,.T.);
#2999=ORIENTED_EDGE('',*,*,#2998,.T.);
#3000=CARTESIAN_POINT('',(0.144291338582677,-0.098031496062992,0.284645669291339));
#3001=VERTEX_POINT('',#3000);
#3002=CARTESIAN_POINT('',(0.144291338582677,-0.088188976377953,0.284645669291339));
#3003=DIRECTION('',(0.0,-1.0,0.0));
#3004=VECTOR('',#3003,0.009842519685039);
#3005=LINE('',#3002,#3004);
#3006=EDGE_CURVE('',#2993,#3001,#3005,.T.);
#3007=ORIENTED_EDGE('',*,*,#3006,.T.);
#3008=CARTESIAN_POINT('',(0.143700787401575,-0.098031496062992,0.284645669291339));
#3009=VERTEX_POINT('',#3008);
#3010=CARTESIAN_POINT('',(0.143700787401575,-0.098031496062992,0.284645669291339));
#3011=DIRECTION('',(1.0,0.0,0.0));
#3012=VECTOR('',#3011,0.000590551181102);
#3013=LINE('',#3010,#3012);
#3014=EDGE_CURVE('',#3009,#3001,#3013,.T.);
#3015=ORIENTED_EDGE('',*,*,#3014,.F.);
#3016=CARTESIAN_POINT('',(0.143700787401575,-0.088188976377953,0.284645669291339));
#3017=DIRECTION('',(0.0,-1.0,0.0));
#3018=VECTOR('',#3017,0.009842519685039);
#3019=LINE('',#3016,#3018);
#3020=EDGE_CURVE('',#2991,#3009,#3019,.T.);
#3021=ORIENTED_EDGE('',*,*,#3020,.F.);
#3022=EDGE_LOOP('',(#2999,#3007,#3015,#3021));
#3023=FACE_OUTER_BOUND('',#3022,.T.);
#3024=ADVANCED_FACE('',(#3023),#2989,.F.);
#3025=CARTESIAN_POINT('',(0.176043307086614,-0.090157480314961,0.278740157480315));
#3026=DIRECTION('',(-1.0,0.0,0.0));
#3027=DIRECTION('',(0.0,0.707106781186549,-0.707106781186546));
#3028=AXIS2_PLACEMENT_3D('',#3025,#3026,#3027);
#3029=CYLINDRICAL_SURFACE('',#3028,0.009842519685039);
#3030=CARTESIAN_POINT('',(-0.143700787401575,-0.1,0.278740157480315));
#3031=VERTEX_POINT('',#3030);
#3032=CARTESIAN_POINT('',(-0.143700787401575,-0.090157480314961,0.278740157480315));
#3033=DIRECTION('',(1.0,0.0,0.0));
#3034=DIRECTION('',(0.0,-0.707106781186546,0.707106781186549));
#3035=AXIS2_PLACEMENT_3D('',#3032,#3033,#3034);
#3036=CIRCLE('',#3035,0.009842519685039);
#3037=EDGE_CURVE('',#2961,#3031,#3036,.T.);
#3038=ORIENTED_EDGE('',*,*,#3037,.T.);
#3039=CARTESIAN_POINT('',(0.143700787401575,-0.1,0.278740157480315));
#3040=VERTEX_POINT('',#3039);
#3041=CARTESIAN_POINT('',(-0.143700787401575,-0.1,0.278740157480315));
#3042=DIRECTION('',(1.0,0.0,0.0));
#3043=VECTOR('',#3042,0.28740157480315);
#3044=LINE('',#3041,#3043);
#3045=EDGE_CURVE('',#3031,#3040,#3044,.T.);
#3046=ORIENTED_EDGE('',*,*,#3045,.T.);
#3047=CARTESIAN_POINT('',(0.143700787401575,-0.090157480314961,0.278740157480315));
#3048=DIRECTION('',(-1.0,0.0,0.0));
#3049=DIRECTION('',(0.0,-0.707106781186546,0.707106781186549));
#3050=AXIS2_PLACEMENT_3D('',#3047,#3048,#3049);
#3051=CIRCLE('',#3050,0.009842519685039);
#3052=EDGE_CURVE('',#3040,#3009,#3051,.T.);
#3053=ORIENTED_EDGE('',*,*,#3052,.T.);
#3054=ORIENTED_EDGE('',*,*,#3014,.T.);
#3055=CARTESIAN_POINT('',(0.16003937007874,-0.098031496062992,0.284645669291339));
#3056=VERTEX_POINT('',#3055);
#3057=CARTESIAN_POINT('',(0.16003937007874,-0.098031496062992,0.284645669291339));
#3058=DIRECTION('',(-1.0,0.0,0.0));
#3059=VECTOR('',#3058,0.015748031496063);
#3060=LINE('',#3057,#3059);
#3061=EDGE_CURVE('',#3056,#3001,#3060,.T.);
#3062=ORIENTED_EDGE('',*,*,#3061,.F.);
#3063=CARTESIAN_POINT('',(0.16003937007874,-0.090157480314961,0.278740157480315));
#3064=DIRECTION('',(-1.0,0.0,0.0));
#3065=DIRECTION('',(0.0,-0.707106781186546,0.707106781186549));
#3066=AXIS2_PLACEMENT_3D('',#3063,#3064,#3065);
#3067=CIRCLE('',#3066,0.009842519685039);
#3068=EDGE_CURVE('',#3056,#2633,#3067,.T.);
#3069=ORIENTED_EDGE('',*,*,#3068,.T.);
#3070=ORIENTED_EDGE('',*,*,#2638,.T.);
#3071=ORIENTED_EDGE('',*,*,#2292,.T.);
#3072=ORIENTED_EDGE('',*,*,#2621,.T.);
#3073=CARTESIAN_POINT('',(-0.16003937007874,-0.098031496062992,0.284645669291339));
#3074=VERTEX_POINT('',#3073);
#3075=CARTESIAN_POINT('',(-0.16003937007874,-0.090157480314961,0.278740157480315));
#3076=DIRECTION('',(1.0,0.0,0.0));
#3077=DIRECTION('',(0.0,-0.707106781186546,0.707106781186549));
#3078=AXIS2_PLACEMENT_3D('',#3075,#3076,#3077);
#3079=CIRCLE('',#3078,0.009842519685039);
#3080=EDGE_CURVE('',#2610,#3074,#3079,.T.);
#3081=ORIENTED_EDGE('',*,*,#3080,.T.);
#3082=CARTESIAN_POINT('',(-0.144291338582677,-0.098031496062992,0.284645669291339));
#3083=DIRECTION('',(-1.0,0.0,0.0));
#3084=VECTOR('',#3083,0.015748031496063);
#3085=LINE('',#3082,#3084);
#3086=EDGE_CURVE('',#2969,#3074,#3085,.T.);
#3087=ORIENTED_EDGE('',*,*,#3086,.F.);
#3088=ORIENTED_EDGE('',*,*,#2974,.T.);
#3089=EDGE_LOOP('',(#3038,#3046,#3053,#3054,#3062,#3069,#3070,#3071,#3072,#3081,#3087,#3088));
#3090=FACE_OUTER_BOUND('',#3089,.T.);
#3091=ADVANCED_FACE('',(#3090),#3029,.T.);
#3092=CARTESIAN_POINT('',(0.143700787401575,-0.087598425196851,0.294547244094489));
#3093=DIRECTION('',(-1.0,0.0,0.0));
#3094=DIRECTION('',(0.0,0.0,1.0));
#3095=AXIS2_PLACEMENT_3D('',#3092,#3093,#3094);
#3096=PLANE('',#3095);
#3097=ORIENTED_EDGE('',*,*,#3052,.F.);
#3098=CARTESIAN_POINT('',(0.143700787401575,-0.1,0.086614173228346));
#3099=VERTEX_POINT('',#3098);
#3100=CARTESIAN_POINT('',(0.143700787401575,-0.1,0.086614173228346));
#3101=DIRECTION('',(0.0,0.0,1.0));
#3102=VECTOR('',#3101,0.192125984251969);
#3103=LINE('',#3100,#3102);
#3104=EDGE_CURVE('',#3099,#3040,#3103,.T.);
#3105=ORIENTED_EDGE('',*,*,#3104,.F.);
#3106=CARTESIAN_POINT('',(0.143700787401575,-0.088188976377953,0.086614173228346));
#3107=VERTEX_POINT('',#3106);
#3108=CARTESIAN_POINT('',(0.143700787401575,-0.088188976377953,0.086614173228346));
#3109=DIRECTION('',(0.0,-1.0,0.0));
#3110=VECTOR('',#3109,0.011811023622047);
#3111=LINE('',#3108,#3110);
#3112=EDGE_CURVE('',#3107,#3099,#3111,.T.);
#3113=ORIENTED_EDGE('',*,*,#3112,.F.);
#3114=CARTESIAN_POINT('',(0.143700787401575,-0.088188976377953,0.284645669291339));
#3115=DIRECTION('',(0.0,0.0,-1.0));
#3116=VECTOR('',#3115,0.198031496062993);
#3117=LINE('',#3114,#3116);
#3118=EDGE_CURVE('',#2991,#3107,#3117,.T.);
#3119=ORIENTED_EDGE('',*,*,#3118,.F.);
#3120=ORIENTED_EDGE('',*,*,#3020,.T.);
#3121=EDGE_LOOP('',(#3097,#3105,#3113,#3119,#3120));
#3122=FACE_OUTER_BOUND('',#3121,.T.);
#3123=ADVANCED_FACE('',(#3122),#3096,.F.);
#3124=CARTESIAN_POINT('',(-0.143700787401575,-0.087598425196851,0.076712598425196));
#3125=DIRECTION('',(1.0,0.0,0.0));
#3126=DIRECTION('',(0.0,0.0,-1.0));
#3127=AXIS2_PLACEMENT_3D('',#3124,#3125,#3126);
#3128=PLANE('',#3127);
#3129=ORIENTED_EDGE('',*,*,#3037,.F.);
#3130=ORIENTED_EDGE('',*,*,#2966,.F.);
#3131=CARTESIAN_POINT('',(-0.143700787401575,-0.088188976377953,0.086614173228346));
#3132=VERTEX_POINT('',#3131);
#3133=CARTESIAN_POINT('',(-0.143700787401575,-0.088188976377953,0.086614173228346));
#3134=DIRECTION('',(0.0,0.0,1.0));
#3135=VECTOR('',#3134,0.198031496062993);
#3136=LINE('',#3133,#3135);
#3137=EDGE_CURVE('',#3132,#2953,#3136,.T.);
#3138=ORIENTED_EDGE('',*,*,#3137,.F.);
#3139=CARTESIAN_POINT('',(-0.143700787401575,-0.1,0.086614173228346));
#3140=VERTEX_POINT('',#3139);
#3141=CARTESIAN_POINT('',(-0.143700787401575,-0.088188976377953,0.086614173228346));
#3142=DIRECTION('',(0.0,-1.0,0.0));
#3143=VECTOR('',#3142,0.011811023622047);
#3144=LINE('',#3141,#3143);
#3145=EDGE_CURVE('',#3132,#3140,#3144,.T.);
#3146=ORIENTED_EDGE('',*,*,#3145,.T.);
#3147=CARTESIAN_POINT('',(-0.143700787401575,-0.1,0.278740157480315));
#3148=DIRECTION('',(0.0,0.0,-1.0));
#3149=VECTOR('',#3148,0.192125984251969);
#3150=LINE('',#3147,#3149);
#3151=EDGE_CURVE('',#3031,#3140,#3150,.T.);
#3152=ORIENTED_EDGE('',*,*,#3151,.F.);
#3153=EDGE_LOOP('',(#3129,#3130,#3138,#3146,#3152));
#3154=FACE_OUTER_BOUND('',#3153,.T.);
#3155=ADVANCED_FACE('',(#3154),#3128,.F.);
#3156=CARTESIAN_POINT('',(-0.176043307086614,0.090157480314961,0.278740157480315));
#3157=DIRECTION('',(1.0,0.0,0.0));
#3158=DIRECTION('',(0.0,-0.707106781186548,-0.707106781186547));
#3159=AXIS2_PLACEMENT_3D('',#3156,#3157,#3158);
#3160=CYLINDRICAL_SURFACE('',#3159,0.009842519685039);
#3161=CARTESIAN_POINT('',(0.143700787401575,0.1,0.278740157480315));
#3162=VERTEX_POINT('',#3161);
#3163=CARTESIAN_POINT('',(0.143700787401575,0.090157480314961,0.278740157480315));
#3164=DIRECTION('',(-1.0,0.0,0.0));
#3165=DIRECTION('',(0.0,0.707106781186545,0.70710678118655));
#3166=AXIS2_PLACEMENT_3D('',#3163,#3164,#3165);
#3167=CIRCLE('',#3166,0.009842519685039);
#3168=EDGE_CURVE('',#2889,#3162,#3167,.T.);
#3169=ORIENTED_EDGE('',*,*,#3168,.T.);
#3170=CARTESIAN_POINT('',(-0.143700787401575,0.1,0.278740157480315));
#3171=VERTEX_POINT('',#3170);
#3172=CARTESIAN_POINT('',(0.143700787401575,0.1,0.278740157480315));
#3173=DIRECTION('',(-1.0,0.0,0.0));
#3174=VECTOR('',#3173,0.28740157480315);
#3175=LINE('',#3172,#3174);
#3176=EDGE_CURVE('',#3162,#3171,#3175,.T.);
#3177=ORIENTED_EDGE('',*,*,#3176,.T.);
#3178=CARTESIAN_POINT('',(-0.143700787401575,0.090157480314961,0.278740157480315));
#3179=DIRECTION('',(1.0,0.0,0.0));
#3180=DIRECTION('',(0.0,0.707106781186545,0.70710678118655));
#3181=AXIS2_PLACEMENT_3D('',#3178,#3179,#3180);
#3182=CIRCLE('',#3181,0.009842519685039);
#3183=EDGE_CURVE('',#3171,#2921,#3182,.T.);
#3184=ORIENTED_EDGE('',*,*,#3183,.T.);
#3185=ORIENTED_EDGE('',*,*,#2926,.T.);
#3186=CARTESIAN_POINT('',(-0.16003937007874,0.098031496062992,0.284645669291339));
#3187=VERTEX_POINT('',#3186);
#3188=CARTESIAN_POINT('',(-0.16003937007874,0.098031496062992,0.284645669291339));
#3189=DIRECTION('',(1.0,0.0,0.0));
#3190=VECTOR('',#3189,0.015748031496063);
#3191=LINE('',#3188,#3190);
#3192=EDGE_CURVE('',#3187,#2913,#3191,.T.);
#3193=ORIENTED_EDGE('',*,*,#3192,.F.);
#3194=CARTESIAN_POINT('',(-0.16003937007874,0.090157480314961,0.278740157480315));
#3195=DIRECTION('',(1.0,0.0,0.0));
#3196=DIRECTION('',(0.0,0.707106781186545,0.70710678118655));
#3197=AXIS2_PLACEMENT_3D('',#3194,#3195,#3196);
#3198=CIRCLE('',#3197,0.009842519685039);
#3199=EDGE_CURVE('',#3187,#2602,#3198,.T.);
#3200=ORIENTED_EDGE('',*,*,#3199,.T.);
#3201=ORIENTED_EDGE('',*,*,#2607,.T.);
#3202=ORIENTED_EDGE('',*,*,#2317,.T.);
#3203=ORIENTED_EDGE('',*,*,#2652,.T.);
#3204=CARTESIAN_POINT('',(0.16003937007874,0.098031496062992,0.284645669291339));
#3205=VERTEX_POINT('',#3204);
#3206=CARTESIAN_POINT('',(0.16003937007874,0.090157480314961,0.278740157480315));
#3207=DIRECTION('',(-1.0,0.0,0.0));
#3208=DIRECTION('',(0.0,0.707106781186545,0.70710678118655));
#3209=AXIS2_PLACEMENT_3D('',#3206,#3207,#3208);
#3210=CIRCLE('',#3209,0.009842519685039);
#3211=EDGE_CURVE('',#2641,#3205,#3210,.T.);
#3212=ORIENTED_EDGE('',*,*,#3211,.T.);
#3213=CARTESIAN_POINT('',(0.144291338582677,0.098031496062992,0.284645669291339));
#3214=DIRECTION('',(1.0,0.0,0.0));
#3215=VECTOR('',#3214,0.015748031496063);
#3216=LINE('',#3213,#3215);
#3217=EDGE_CURVE('',#2871,#3205,#3216,.T.);
#3218=ORIENTED_EDGE('',*,*,#3217,.F.);
#3219=ORIENTED_EDGE('',*,*,#2900,.T.);
#3220=EDGE_LOOP('',(#3169,#3177,#3184,#3185,#3193,#3200,#3201,#3202,#3203,#3212,#3218,#3219));
#3221=FACE_OUTER_BOUND('',#3220,.T.);
#3222=ADVANCED_FACE('',(#3221),#3160,.T.);
#3223=CARTESIAN_POINT('',(0.143700787401575,0.100590551181102,0.294547244094489));
#3224=DIRECTION('',(-1.0,0.0,0.0));
#3225=DIRECTION('',(0.0,0.0,1.0));
#3226=AXIS2_PLACEMENT_3D('',#3223,#3224,#3225);
#3227=PLANE('',#3226);
#3228=ORIENTED_EDGE('',*,*,#3168,.F.);
#3229=ORIENTED_EDGE('',*,*,#2894,.T.);
#3230=CARTESIAN_POINT('',(0.143700787401575,0.088188976377953,0.086614173228346));
#3231=VERTEX_POINT('',#3230);
#3232=CARTESIAN_POINT('',(0.143700787401575,0.088188976377953,0.086614173228346));
#3233=DIRECTION('',(0.0,0.0,1.0));
#3234=VECTOR('',#3233,0.198031496062993);
#3235=LINE('',#3232,#3234);
#3236=EDGE_CURVE('',#3231,#2881,#3235,.T.);
#3237=ORIENTED_EDGE('',*,*,#3236,.F.);
#3238=CARTESIAN_POINT('',(0.143700787401575,0.1,0.086614173228346));
#3239=VERTEX_POINT('',#3238);
#3240=CARTESIAN_POINT('',(0.143700787401575,0.1,0.086614173228346));
#3241=DIRECTION('',(0.0,-1.0,0.0));
#3242=VECTOR('',#3241,0.011811023622047);
#3243=LINE('',#3240,#3242);
#3244=EDGE_CURVE('',#3239,#3231,#3243,.T.);
#3245=ORIENTED_EDGE('',*,*,#3244,.F.);
#3246=CARTESIAN_POINT('',(0.143700787401575,0.1,0.278740157480315));
#3247=DIRECTION('',(0.0,0.0,-1.0));
#3248=VECTOR('',#3247,0.192125984251969);
#3249=LINE('',#3246,#3248);
#3250=EDGE_CURVE('',#3162,#3239,#3249,.T.);
#3251=ORIENTED_EDGE('',*,*,#3250,.F.);
#3252=EDGE_LOOP('',(#3228,#3229,#3237,#3245,#3251));
#3253=FACE_OUTER_BOUND('',#3252,.T.);
#3254=ADVANCED_FACE('',(#3253),#3227,.F.);
#3255=CARTESIAN_POINT('',(0.146653543307087,0.100590551181102,0.089566929133858));
#3256=DIRECTION('',(-0.707106781186548,-7.726833E-017,0.707106781186548));
#3257=DIRECTION('',(0.707106781186548,0.0,0.707106781186548));
#3258=AXIS2_PLACEMENT_3D('',#3255,#3256,#3257);
#3259=PLANE('',#3258);
#3260=ORIENTED_EDGE('',*,*,#2860,.F.);
#3261=CARTESIAN_POINT('',(0.084645669291339,0.1,0.02755905511811));
#3262=VERTEX_POINT('',#3261);
#3263=CARTESIAN_POINT('',(0.084645669291339,0.1,0.02755905511811));
#3264=DIRECTION('',(0.0,-1.0,0.0));
#3265=VECTOR('',#3264,0.011811023622047);
#3266=LINE('',#3263,#3265);
#3267=EDGE_CURVE('',#3262,#2849,#3266,.T.);
#3268=ORIENTED_EDGE('',*,*,#3267,.F.);
#3269=CARTESIAN_POINT('',(0.143700787401575,0.1,0.086614173228346));
#3270=DIRECTION('',(-0.707106781186547,-3.323362E-016,-0.707106781186548));
#3271=VECTOR('',#3270,0.083516548959041);
#3272=LINE('',#3269,#3271);
#3273=EDGE_CURVE('',#3239,#3262,#3272,.T.);
#3274=ORIENTED_EDGE('',*,*,#3273,.F.);
#3275=ORIENTED_EDGE('',*,*,#3244,.T.);
#3276=CARTESIAN_POINT('',(0.092050951590692,0.088188976377953,0.034964337417464));
#3277=DIRECTION('',(0.707106781186548,0.0,0.707106781186547));
#3278=VECTOR('',#3277,0.073043898298094);
#3279=LINE('',#3276,#3278);
#3280=EDGE_CURVE('',#2815,#3231,#3279,.T.);
#3281=ORIENTED_EDGE('',*,*,#3280,.F.);
#3282=EDGE_LOOP('',(#3260,#3268,#3274,#3275,#3281));
#3283=FACE_OUTER_BOUND('',#3282,.T.);
#3284=ADVANCED_FACE('',(#3283),#3259,.F.);
#3285=CARTESIAN_POINT('',(0.146653543307087,-0.087598425196851,0.089566929133858));
#3286=DIRECTION('',(-0.707106781186548,-7.726833E-017,0.707106781186548));
#3287=DIRECTION('',(0.707106781186548,0.0,0.707106781186548));
#3288=AXIS2_PLACEMENT_3D('',#3285,#3286,#3287);
#3289=PLANE('',#3288);
#3290=CARTESIAN_POINT('',(0.143700787401575,-0.088188976377953,0.086614173228346));
#3291=DIRECTION('',(-0.707106781186548,0.0,-0.707106781186547));
#3292=VECTOR('',#3291,0.073043898298094);
#3293=LINE('',#3290,#3292);
#3294=EDGE_CURVE('',#3107,#2697,#3293,.T.);
#3295=ORIENTED_EDGE('',*,*,#3294,.F.);
#3296=ORIENTED_EDGE('',*,*,#3112,.T.);
#3297=CARTESIAN_POINT('',(0.084645669291339,-0.1,0.02755905511811));
#3298=VERTEX_POINT('',#3297);
#3299=CARTESIAN_POINT('',(0.084645669291339,-0.1,0.02755905511811));
#3300=DIRECTION('',(0.707106781186548,0.0,0.707106781186547));
#3301=VECTOR('',#3300,0.083516548959041);
#3302=LINE('',#3299,#3301);
#3303=EDGE_CURVE('',#3298,#3099,#3302,.T.);
#3304=ORIENTED_EDGE('',*,*,#3303,.F.);
#3305=CARTESIAN_POINT('',(0.084645669291339,-0.088188976377953,0.02755905511811));
#3306=DIRECTION('',(0.0,-1.0,0.0));
#3307=VECTOR('',#3306,0.011811023622047);
#3308=LINE('',#3305,#3307);
#3309=EDGE_CURVE('',#2705,#3298,#3308,.T.);
#3310=ORIENTED_EDGE('',*,*,#3309,.F.);
#3311=ORIENTED_EDGE('',*,*,#2710,.F.);
#3312=EDGE_LOOP('',(#3295,#3296,#3304,#3310,#3311));
#3313=FACE_OUTER_BOUND('',#3312,.T.);
#3314=ADVANCED_FACE('',(#3313),#3289,.F.);
#3315=CARTESIAN_POINT('',(-0.081692913385827,0.100590551181102,0.024606299212598));
#3316=DIRECTION('',(0.707106781186548,7.726833E-017,0.707106781186548));
#3317=DIRECTION('',(0.707106781186548,0.0,-0.707106781186548));
#3318=AXIS2_PLACEMENT_3D('',#3315,#3316,#3317);
#3319=PLANE('',#3318);
#3320=CARTESIAN_POINT('',(-0.143700787401575,0.088188976377953,0.086614173228346));
#3321=VERTEX_POINT('',#3320);
#3322=CARTESIAN_POINT('',(-0.143700787401575,0.088188976377953,0.086614173228346));
#3323=DIRECTION('',(0.707106781186548,0.0,-0.707106781186547));
#3324=VECTOR('',#3323,0.073043898298094);
#3325=LINE('',#3322,#3324);
#3326=EDGE_CURVE('',#3321,#2833,#3325,.T.);
#3327=ORIENTED_EDGE('',*,*,#3326,.F.);
#3328=CARTESIAN_POINT('',(-0.143700787401575,0.1,0.086614173228346));
#3329=VERTEX_POINT('',#3328);
#3330=CARTESIAN_POINT('',(-0.143700787401575,0.1,0.086614173228346));
#3331=DIRECTION('',(0.0,-1.0,0.0));
#3332=VECTOR('',#3331,0.011811023622047);
#3333=LINE('',#3330,#3332);
#3334=EDGE_CURVE('',#3329,#3321,#3333,.T.);
#3335=ORIENTED_EDGE('',*,*,#3334,.F.);
#3336=CARTESIAN_POINT('',(-0.084645669291339,0.1,0.02755905511811));
#3337=VERTEX_POINT('',#3336);
#3338=CARTESIAN_POINT('',(-0.084645669291339,0.1,0.02755905511811));
#3339=DIRECTION('',(-0.707106781186547,0.0,0.707106781186548));
#3340=VECTOR('',#3339,0.083516548959041);
#3341=LINE('',#3338,#3340);
#3342=EDGE_CURVE('',#3337,#3329,#3341,.T.);
#3343=ORIENTED_EDGE('',*,*,#3342,.F.);
#3344=CARTESIAN_POINT('',(-0.084645669291339,0.088188976377953,0.02755905511811));
#3345=DIRECTION('',(0.0,1.0,0.0));
#3346=VECTOR('',#3345,0.011811023622047);
#3347=LINE('',#3344,#3346);
#3348=EDGE_CURVE('',#2841,#3337,#3347,.T.);
#3349=ORIENTED_EDGE('',*,*,#3348,.F.);
#3350=ORIENTED_EDGE('',*,*,#2846,.F.);
#3351=EDGE_LOOP('',(#3327,#3335,#3343,#3349,#3350));
#3352=FACE_OUTER_BOUND('',#3351,.T.);
#3353=ADVANCED_FACE('',(#3352),#3319,.F.);
#3354=CARTESIAN_POINT('',(-0.081692913385827,-0.087598425196851,0.024606299212598));
#3355=DIRECTION('',(0.707106781186548,7.726833E-017,0.707106781186548));
#3356=DIRECTION('',(0.707106781186548,0.0,-0.707106781186548));
#3357=AXIS2_PLACEMENT_3D('',#3354,#3355,#3356);
#3358=PLANE('',#3357);
#3359=ORIENTED_EDGE('',*,*,#2726,.F.);
#3360=CARTESIAN_POINT('',(-0.084645669291339,-0.1,0.02755905511811));
#3361=VERTEX_POINT('',#3360);
#3362=CARTESIAN_POINT('',(-0.084645669291339,-0.1,0.02755905511811));
#3363=DIRECTION('',(0.0,1.0,0.0));
#3364=VECTOR('',#3363,0.011811023622047);
#3365=LINE('',#3362,#3364);
#3366=EDGE_CURVE('',#3361,#2713,#3365,.T.);
#3367=ORIENTED_EDGE('',*,*,#3366,.F.);
#3368=CARTESIAN_POINT('',(-0.143700787401575,-0.1,0.086614173228346));
#3369=DIRECTION('',(0.707106781186548,0.0,-0.707106781186547));
#3370=VECTOR('',#3369,0.083516548959041);
#3371=LINE('',#3368,#3370);
#3372=EDGE_CURVE('',#3140,#3361,#3371,.T.);
#3373=ORIENTED_EDGE('',*,*,#3372,.F.);
#3374=ORIENTED_EDGE('',*,*,#3145,.F.);
#3375=CARTESIAN_POINT('',(-0.092050951590692,-0.088188976377953,0.034964337417464));
#3376=DIRECTION('',(-0.707106781186548,0.0,0.707106781186547));
#3377=VECTOR('',#3376,0.073043898298094);
#3378=LINE('',#3375,#3377);
#3379=EDGE_CURVE('',#2721,#3132,#3378,.T.);
#3380=ORIENTED_EDGE('',*,*,#3379,.F.);
#3381=EDGE_LOOP('',(#3359,#3367,#3373,#3374,#3380));
#3382=FACE_OUTER_BOUND('',#3381,.T.);
#3383=ADVANCED_FACE('',(#3382),#3358,.F.);
#3384=CARTESIAN_POINT('',(-0.143700787401575,0.100590551181102,0.076712598425196));
#3385=DIRECTION('',(1.0,0.0,0.0));
#3386=DIRECTION('',(0.0,0.0,-1.0));
#3387=AXIS2_PLACEMENT_3D('',#3384,#3385,#3386);
#3388=PLANE('',#3387);
#3389=ORIENTED_EDGE('',*,*,#3183,.F.);
#3390=CARTESIAN_POINT('',(-0.143700787401575,0.1,0.086614173228346));
#3391=DIRECTION('',(0.0,0.0,1.0));
#3392=VECTOR('',#3391,0.192125984251969);
#3393=LINE('',#3390,#3392);
#3394=EDGE_CURVE('',#3329,#3171,#3393,.T.);
#3395=ORIENTED_EDGE('',*,*,#3394,.F.);
#3396=ORIENTED_EDGE('',*,*,#3334,.T.);
#3397=CARTESIAN_POINT('',(-0.143700787401575,0.088188976377953,0.284645669291339));
#3398=DIRECTION('',(0.0,0.0,-1.0));
#3399=VECTOR('',#3398,0.198031496062993);
#3400=LINE('',#3397,#3399);
#3401=EDGE_CURVE('',#2929,#3321,#3400,.T.);
#3402=ORIENTED_EDGE('',*,*,#3401,.F.);
#3403=ORIENTED_EDGE('',*,*,#2934,.F.);
#3404=EDGE_LOOP('',(#3389,#3395,#3396,#3402,#3403));
#3405=FACE_OUTER_BOUND('',#3404,.T.);
#3406=ADVANCED_FACE('',(#3405),#3388,.F.);
#3407=CARTESIAN_POINT('',(0.089429133858267,0.100590551181102,0.095669291338583));
#3408=DIRECTION('',(0.0,0.0,1.0));
#3409=DIRECTION('',(1.0,0.0,0.0));
#3410=AXIS2_PLACEMENT_3D('',#3407,#3408,#3409);
#3411=PLANE('',#3410);
#3412=CARTESIAN_POINT('',(0.081299212598425,0.088188976377953,0.095669291338583));
#3413=DIRECTION('',(-1.0,0.0,0.0));
#3414=VECTOR('',#3413,0.16259842519685);
#3415=LINE('',#3412,#3414);
#3416=EDGE_CURVE('',#2751,#2785,#3415,.T.);
#3417=ORIENTED_EDGE('',*,*,#3416,.T.);
#3418=ORIENTED_EDGE('',*,*,#2804,.F.);
#3419=CARTESIAN_POINT('',(0.081299212598425,0.1,0.095669291338583));
#3420=DIRECTION('',(-1.0,0.0,0.0));
#3421=VECTOR('',#3420,0.16259842519685);
#3422=LINE('',#3419,#3421);
#3423=EDGE_CURVE('',#2761,#2793,#3422,.T.);
#3424=ORIENTED_EDGE('',*,*,#3423,.F.);
#3425=ORIENTED_EDGE('',*,*,#2766,.T.);
#3426=EDGE_LOOP('',(#3417,#3418,#3424,#3425));
#3427=FACE_OUTER_BOUND('',#3426,.T.);
#3428=ADVANCED_FACE('',(#3427),#3411,.F.);
#3429=CARTESIAN_POINT('',(0.081299212598425,-0.087598425196851,0.069074028348012));
#3430=DIRECTION('',(1.0,0.0,0.0));
#3431=DIRECTION('',(0.0,0.0,-1.0));
#3432=AXIS2_PLACEMENT_3D('',#3429,#3430,#3431);
#3433=PLANE('',#3432);
#3434=CARTESIAN_POINT('',(0.081299212598425,-0.1,0.070340469442801));
#3435=VERTEX_POINT('',#3434);
#3436=CARTESIAN_POINT('',(0.081299212598425,-0.088188976377953,0.095669291338583));
#3437=VERTEX_POINT('',#3436);
#3438=CARTESIAN_POINT('',(0.081299212598425,-0.1,0.070340469442801));
#3439=DIRECTION('',(0.0,0.4226182617407,0.90630778703665));
#3440=VECTOR('',#3439,0.027947262793139);
#3441=LINE('',#3438,#3440);
#3442=EDGE_CURVE('',#3435,#3437,#3441,.T.);
#3443=ORIENTED_EDGE('',*,*,#3442,.F.);
#3444=CARTESIAN_POINT('',(0.081299212598425,-0.1,0.095669291338583));
#3445=VERTEX_POINT('',#3444);
#3446=CARTESIAN_POINT('',(0.081299212598425,-0.1,0.095669291338583));
#3447=DIRECTION('',(0.0,0.0,-1.0));
#3448=VECTOR('',#3447,0.025328821895782);
#3449=LINE('',#3446,#3448);
#3450=EDGE_CURVE('',#3445,#3435,#3449,.T.);
#3451=ORIENTED_EDGE('',*,*,#3450,.F.);
#3452=CARTESIAN_POINT('',(0.081299212598425,-0.088188976377953,0.095669291338583));
#3453=DIRECTION('',(0.0,-1.0,0.0));
#3454=VECTOR('',#3453,0.011811023622047);
#3455=LINE('',#3452,#3454);
#3456=EDGE_CURVE('',#3437,#3445,#3455,.T.);
#3457=ORIENTED_EDGE('',*,*,#3456,.F.);
#3458=EDGE_LOOP('',(#3443,#3451,#3457));
#3459=FACE_OUTER_BOUND('',#3458,.T.);
#3460=ADVANCED_FACE('',(#3459),#3433,.F.);
#3461=CARTESIAN_POINT('',(0.089429133858267,-0.087598425196851,0.095669291338583));
#3462=DIRECTION('',(0.0,0.0,1.0));
#3463=DIRECTION('',(1.0,0.0,0.0));
#3464=AXIS2_PLACEMENT_3D('',#3461,#3462,#3463);
#3465=PLANE('',#3464);
#3466=CARTESIAN_POINT('',(0.081299212598425,-0.088188976377953,0.095669291338583));
#3467=DIRECTION('',(-1.0,0.0,0.0));
#3468=VECTOR('',#3467,0.16259842519685);
#3469=LINE('',#3466,#3468);
#3470=EDGE_CURVE('',#3437,#2663,#3469,.T.);
#3471=ORIENTED_EDGE('',*,*,#3470,.F.);
#3472=ORIENTED_EDGE('',*,*,#3456,.T.);
#3473=CARTESIAN_POINT('',(-0.081299212598425,-0.1,0.095669291338583));
#3474=DIRECTION('',(1.0,0.0,0.0));
#3475=VECTOR('',#3474,0.16259842519685);
#3476=LINE('',#3473,#3475);
#3477=EDGE_CURVE('',#2673,#3445,#3476,.T.);
#3478=ORIENTED_EDGE('',*,*,#3477,.F.);
#3479=ORIENTED_EDGE('',*,*,#2678,.F.);
#3480=EDGE_LOOP('',(#3471,#3472,#3478,#3479));
#3481=FACE_OUTER_BOUND('',#3480,.T.);
#3482=ADVANCED_FACE('',(#3481),#3465,.F.);
#3483=CARTESIAN_POINT('',(0.093110236220473,-0.087598425196851,0.02755905511811));
#3484=DIRECTION('',(0.0,0.0,1.0));
#3485=DIRECTION('',(1.0,0.0,0.0));
#3486=AXIS2_PLACEMENT_3D('',#3483,#3484,#3485);
#3487=PLANE('',#3486);
#3488=ORIENTED_EDGE('',*,*,#3309,.T.);
#3489=CARTESIAN_POINT('',(0.084645669291339,-0.1,0.02755905511811));
#3490=DIRECTION('',(-1.0,0.0,0.0));
#3491=VECTOR('',#3490,0.169291338582678);
#3492=LINE('',#3489,#3491);
#3493=EDGE_CURVE('',#3298,#3361,#3492,.T.);
#3494=ORIENTED_EDGE('',*,*,#3493,.T.);
#3495=ORIENTED_EDGE('',*,*,#3366,.T.);
#3496=ORIENTED_EDGE('',*,*,#2718,.T.);
#3497=EDGE_LOOP('',(#3488,#3494,#3495,#3496));
#3498=FACE_OUTER_BOUND('',#3497,.T.);
#3499=ADVANCED_FACE('',(#3498),#3487,.F.);
#3500=CARTESIAN_POINT('',(0.093110236220473,0.100590551181102,0.02755905511811));
#3501=DIRECTION('',(0.0,0.0,1.0));
#3502=DIRECTION('',(1.0,0.0,0.0));
#3503=AXIS2_PLACEMENT_3D('',#3500,#3501,#3502);
#3504=PLANE('',#3503);
#3505=ORIENTED_EDGE('',*,*,#3267,.T.);
#3506=ORIENTED_EDGE('',*,*,#2854,.T.);
#3507=ORIENTED_EDGE('',*,*,#3348,.T.);
#3508=CARTESIAN_POINT('',(-0.084645669291339,0.1,0.02755905511811));
#3509=DIRECTION('',(1.0,0.0,0.0));
#3510=VECTOR('',#3509,0.169291338582678);
#3511=LINE('',#3508,#3510);
#3512=EDGE_CURVE('',#3337,#3262,#3511,.T.);
#3513=ORIENTED_EDGE('',*,*,#3512,.T.);
#3514=EDGE_LOOP('',(#3505,#3506,#3507,#3513));
#3515=FACE_OUTER_BOUND('',#3514,.T.);
#3516=ADVANCED_FACE('',(#3515),#3504,.F.);
#3517=CARTESIAN_POINT('',(0.089429133858267,-0.088779527559055,0.064173228346457));
#3518=DIRECTION('',(0.0,0.0,-1.0));
#3519=DIRECTION('',(-1.0,0.0,0.0));
#3520=AXIS2_PLACEMENT_3D('',#3517,#3518,#3519);
#3521=PLANE('',#3520);
#3522=ORIENTED_EDGE('',*,*,#2740,.T.);
#3523=CARTESIAN_POINT('',(-0.081299212598425,-0.076377952755906,0.064173228346457));
#3524=VERTEX_POINT('',#3523);
#3525=CARTESIAN_POINT('',(-0.081299212598425,-0.088188976377953,0.064173228346457));
#3526=DIRECTION('',(0.0,1.0,0.0));
#3527=VECTOR('',#3526,0.011811023622047);
#3528=LINE('',#3525,#3527);
#3529=EDGE_CURVE('',#2729,#3524,#3528,.T.);
#3530=ORIENTED_EDGE('',*,*,#3529,.T.);
#3531=CARTESIAN_POINT('',(0.081299212598425,-0.076377952755906,0.064173228346457));
#3532=VERTEX_POINT('',#3531);
#3533=CARTESIAN_POINT('',(0.081299212598425,-0.076377952755906,0.064173228346457));
#3534=DIRECTION('',(-1.0,0.0,0.0));
#3535=VECTOR('',#3534,0.16259842519685);
#3536=LINE('',#3533,#3535);
#3537=EDGE_CURVE('',#3532,#3524,#3536,.T.);
#3538=ORIENTED_EDGE('',*,*,#3537,.F.);
#3539=CARTESIAN_POINT('',(0.081299212598425,-0.088188976377953,0.064173228346457));
#3540=DIRECTION('',(0.0,1.0,0.0));
#3541=VECTOR('',#3540,0.011811023622047);
#3542=LINE('',#3539,#3541);
#3543=EDGE_CURVE('',#2695,#3532,#3542,.T.);
#3544=ORIENTED_EDGE('',*,*,#3543,.F.);
#3545=EDGE_LOOP('',(#3522,#3530,#3538,#3544));
#3546=FACE_OUTER_BOUND('',#3545,.T.);
#3547=ADVANCED_FACE('',(#3546),#3521,.T.);
#3548=CARTESIAN_POINT('',(-0.146903357932276,-0.088188976377953,0.01263779527559));
#3549=DIRECTION('',(0.0,1.0,0.0));
#3550=DIRECTION('',(0.0,0.0,1.0));
#3551=AXIS2_PLACEMENT_3D('',#3548,#3549,#3550);
#3552=PLANE('',#3551);
#3553=ORIENTED_EDGE('',*,*,#3379,.T.);
#3554=ORIENTED_EDGE('',*,*,#3137,.T.);
#3555=ORIENTED_EDGE('',*,*,#2958,.F.);
#3556=CARTESIAN_POINT('',(-0.144291338582677,-0.088188976377953,0.025590551181102));
#3557=VERTEX_POINT('',#3556);
#3558=CARTESIAN_POINT('',(-0.144291338582677,-0.088188976377953,0.284645669291339));
#3559=DIRECTION('',(0.0,0.0,-1.0));
#3560=VECTOR('',#3559,0.259055118110237);
#3561=LINE('',#3558,#3560);
#3562=EDGE_CURVE('',#2951,#3557,#3561,.T.);
#3563=ORIENTED_EDGE('',*,*,#3562,.T.);
#3564=CARTESIAN_POINT('',(-0.09550142505193,-0.088188976377953,0.025590551181102));
#3565=VERTEX_POINT('',#3564);
#3566=CARTESIAN_POINT('',(-0.144291338582677,-0.088188976377953,0.025590551181102));
#3567=DIRECTION('',(1.0,0.0,0.0));
#3568=VECTOR('',#3567,0.048789913530747);
#3569=LINE('',#3566,#3568);
#3570=EDGE_CURVE('',#3557,#3565,#3569,.T.);
#3571=ORIENTED_EDGE('',*,*,#3570,.T.);
#3572=CARTESIAN_POINT('',(-0.09550142505193,-0.088188976377953,0.025590551181102));
#3573=DIRECTION('',(0.34543854272652,0.0,0.938441374407042));
#3574=VECTOR('',#3573,0.009988675363216);
#3575=LINE('',#3572,#3574);
#3576=EDGE_CURVE('',#3565,#2721,#3575,.T.);
#3577=ORIENTED_EDGE('',*,*,#3576,.T.);
#3578=EDGE_LOOP('',(#3553,#3554,#3555,#3563,#3571,#3577));
#3579=FACE_OUTER_BOUND('',#3578,.T.);
#3580=ADVANCED_FACE('',(#3579),#3552,.F.);
#3581=CARTESIAN_POINT('',(-0.160826771653543,0.097933070866142,0.284645669291339));
#3582=DIRECTION('',(0.0,0.0,1.0));
#3583=DIRECTION('',(1.0,0.0,0.0));
#3584=AXIS2_PLACEMENT_3D('',#3581,#3582,#3583);
#3585=PLANE('',#3584);
#3586=ORIENTED_EDGE('',*,*,#3192,.T.);
#3587=CARTESIAN_POINT('',(-0.144291338582677,0.1,0.284645669291339));
#3588=VERTEX_POINT('',#3587);
#3589=CARTESIAN_POINT('',(-0.144291338582677,0.098031496062992,0.284645669291339));
#3590=DIRECTION('',(0.0,1.0,0.0));
#3591=VECTOR('',#3590,0.001968503937008);
#3592=LINE('',#3589,#3591);
#3593=EDGE_CURVE('',#2913,#3588,#3592,.T.);
#3594=ORIENTED_EDGE('',*,*,#3593,.T.);
#3595=CARTESIAN_POINT('',(-0.16003937007874,0.1,0.284645669291339));
#3596=VERTEX_POINT('',#3595);
#3597=CARTESIAN_POINT('',(-0.16003937007874,0.1,0.284645669291339));
#3598=DIRECTION('',(1.0,0.0,0.0));
#3599=VECTOR('',#3598,0.015748031496063);
#3600=LINE('',#3597,#3599);
#3601=EDGE_CURVE('',#3596,#3588,#3600,.T.);
#3602=ORIENTED_EDGE('',*,*,#3601,.F.);
#3603=CARTESIAN_POINT('',(-0.16003937007874,0.098031496062992,0.284645669291339));
#3604=DIRECTION('',(0.0,1.0,0.0));
#3605=VECTOR('',#3604,0.001968503937008);
#3606=LINE('',#3603,#3605);
#3607=EDGE_CURVE('',#3187,#3596,#3606,.T.);
#3608=ORIENTED_EDGE('',*,*,#3607,.F.);
#3609=EDGE_LOOP('',(#3586,#3594,#3602,#3608));
#3610=FACE_OUTER_BOUND('',#3609,.T.);
#3611=ADVANCED_FACE('',(#3610),#3585,.T.);
#3612=CARTESIAN_POINT('',(-0.160826771653543,-0.10009842519685,0.284645669291339));
#3613=DIRECTION('',(0.0,0.0,1.0));
#3614=DIRECTION('',(1.0,0.0,0.0));
#3615=AXIS2_PLACEMENT_3D('',#3612,#3613,#3614);
#3616=PLANE('',#3615);
#3617=ORIENTED_EDGE('',*,*,#3086,.T.);
#3618=CARTESIAN_POINT('',(-0.16003937007874,-0.1,0.284645669291339));
#3619=VERTEX_POINT('',#3618);
#3620=CARTESIAN_POINT('',(-0.16003937007874,-0.1,0.284645669291339));
#3621=DIRECTION('',(0.0,1.0,0.0));
#3622=VECTOR('',#3621,0.001968503937008);
#3623=LINE('',#3620,#3622);
#3624=EDGE_CURVE('',#3619,#3074,#3623,.T.);
#3625=ORIENTED_EDGE('',*,*,#3624,.F.);
#3626=CARTESIAN_POINT('',(-0.144291338582677,-0.1,0.284645669291339));
#3627=VERTEX_POINT('',#3626);
#3628=CARTESIAN_POINT('',(-0.144291338582677,-0.1,0.284645669291339));
#3629=DIRECTION('',(-1.0,0.0,0.0));
#3630=VECTOR('',#3629,0.015748031496063);
#3631=LINE('',#3628,#3630);
#3632=EDGE_CURVE('',#3627,#3619,#3631,.T.);
#3633=ORIENTED_EDGE('',*,*,#3632,.F.);
#3634=CARTESIAN_POINT('',(-0.144291338582677,-0.1,0.284645669291339));
#3635=DIRECTION('',(0.0,1.0,0.0));
#3636=VECTOR('',#3635,0.001968503937008);
#3637=LINE('',#3634,#3636);
#3638=EDGE_CURVE('',#3627,#2969,#3637,.T.);
#3639=ORIENTED_EDGE('',*,*,#3638,.T.);
#3640=EDGE_LOOP('',(#3617,#3625,#3633,#3639));
#3641=FACE_OUTER_BOUND('',#3640,.T.);
#3642=ADVANCED_FACE('',(#3641),#3616,.T.);
#3643=CARTESIAN_POINT('',(-2.731848E-017,1.146056E-018,0.284645669291339));
#3644=DIRECTION('',(0.0,0.0,1.0));
#3645=DIRECTION('',(1.0,0.0,0.0));
#3646=AXIS2_PLACEMENT_3D('',#3643,#3644,#3645);
#3647=PLANE('',#3646);
#3648=ORIENTED_EDGE('',*,*,#3217,.T.);
#3649=CARTESIAN_POINT('',(0.16003937007874,0.1,0.284645669291339));
#3650=VERTEX_POINT('',#3649);
#3651=CARTESIAN_POINT('',(0.16003937007874,0.1,0.284645669291339));
#3652=DIRECTION('',(0.0,-1.0,0.0));
#3653=VECTOR('',#3652,0.001968503937008);
#3654=LINE('',#3651,#3653);
#3655=EDGE_CURVE('',#3650,#3205,#3654,.T.);
#3656=ORIENTED_EDGE('',*,*,#3655,.F.);
#3657=CARTESIAN_POINT('',(0.144291338582677,0.1,0.284645669291339));
#3658=VERTEX_POINT('',#3657);
#3659=CARTESIAN_POINT('',(0.144291338582677,0.1,0.284645669291339));
#3660=DIRECTION('',(1.0,0.0,0.0));
#3661=VECTOR('',#3660,0.015748031496063);
#3662=LINE('',#3659,#3661);
#3663=EDGE_CURVE('',#3658,#3650,#3662,.T.);
#3664=ORIENTED_EDGE('',*,*,#3663,.F.);
#3665=CARTESIAN_POINT('',(0.144291338582677,0.1,0.284645669291339));
#3666=DIRECTION('',(0.0,-1.0,0.0));
#3667=VECTOR('',#3666,0.001968503937008);
#3668=LINE('',#3665,#3667);
#3669=EDGE_CURVE('',#3658,#2871,#3668,.T.);
#3670=ORIENTED_EDGE('',*,*,#3669,.T.);
#3671=EDGE_LOOP('',(#3648,#3656,#3664,#3670));
#3672=FACE_OUTER_BOUND('',#3671,.T.);
#3673=ADVANCED_FACE('',(#3672),#3647,.T.);
#3674=CARTESIAN_POINT('',(-0.146903357932276,0.088188976377953,0.01263779527559));
#3675=DIRECTION('',(0.0,1.0,0.0));
#3676=DIRECTION('',(0.0,0.0,1.0));
#3677=AXIS2_PLACEMENT_3D('',#3674,#3675,#3676);
#3678=PLANE('',#3677);
#3679=ORIENTED_EDGE('',*,*,#3401,.T.);
#3680=ORIENTED_EDGE('',*,*,#3326,.T.);
#3681=CARTESIAN_POINT('',(-0.09550142505193,0.088188976377953,0.025590551181102));
#3682=VERTEX_POINT('',#3681);
#3683=CARTESIAN_POINT('',(-0.092050951590692,0.088188976377953,0.034964337417464));
#3684=DIRECTION('',(-0.345438542726517,0.0,-0.938441374407043));
#3685=VECTOR('',#3684,0.009988675363216);
#3686=LINE('',#3683,#3685);
#3687=EDGE_CURVE('',#2833,#3682,#3686,.T.);
#3688=ORIENTED_EDGE('',*,*,#3687,.T.);
#3689=CARTESIAN_POINT('',(-0.144291338582677,0.088188976377953,0.025590551181102));
#3690=VERTEX_POINT('',#3689);
#3691=CARTESIAN_POINT('',(-0.144291338582677,0.088188976377953,0.025590551181102));
#3692=DIRECTION('',(1.0,0.0,0.0));
#3693=VECTOR('',#3692,0.048789913530747);
#3694=LINE('',#3691,#3693);
#3695=EDGE_CURVE('',#3690,#3682,#3694,.T.);
#3696=ORIENTED_EDGE('',*,*,#3695,.F.);
#3697=CARTESIAN_POINT('',(-0.144291338582677,0.088188976377953,0.284645669291339));
#3698=DIRECTION('',(0.0,0.0,-1.0));
#3699=VECTOR('',#3698,0.259055118110237);
#3700=LINE('',#3697,#3699);
#3701=EDGE_CURVE('',#2911,#3690,#3700,.T.);
#3702=ORIENTED_EDGE('',*,*,#3701,.F.);
#3703=ORIENTED_EDGE('',*,*,#2940,.F.);
#3704=EDGE_LOOP('',(#3679,#3680,#3688,#3696,#3702,#3703));
#3705=FACE_OUTER_BOUND('',#3704,.T.);
#3706=ADVANCED_FACE('',(#3705),#3678,.T.);
#3707=CARTESIAN_POINT('',(0.089438932241093,0.088188976377953,0.01263779527559));
#3708=DIRECTION('',(0.0,1.0,0.0));
#3709=DIRECTION('',(0.0,0.0,1.0));
#3710=AXIS2_PLACEMENT_3D('',#3707,#3708,#3709);
#3711=PLANE('',#3710);
#3712=ORIENTED_EDGE('',*,*,#3280,.T.);
#3713=ORIENTED_EDGE('',*,*,#3236,.T.);
#3714=ORIENTED_EDGE('',*,*,#2886,.F.);
#3715=CARTESIAN_POINT('',(0.144291338582677,0.088188976377953,0.025590551181102));
#3716=VERTEX_POINT('',#3715);
#3717=CARTESIAN_POINT('',(0.144291338582677,0.088188976377953,0.025590551181102));
#3718=DIRECTION('',(0.0,0.0,1.0));
#3719=VECTOR('',#3718,0.259055118110237);
#3720=LINE('',#3717,#3719);
#3721=EDGE_CURVE('',#3716,#2873,#3720,.T.);
#3722=ORIENTED_EDGE('',*,*,#3721,.F.);
#3723=CARTESIAN_POINT('',(0.09550142505193,0.088188976377953,0.025590551181102));
#3724=VERTEX_POINT('',#3723);
#3725=CARTESIAN_POINT('',(0.09550142505193,0.088188976377953,0.025590551181102));
#3726=DIRECTION('',(1.0,0.0,0.0));
#3727=VECTOR('',#3726,0.048789913530747);
#3728=LINE('',#3725,#3727);
#3729=EDGE_CURVE('',#3724,#3716,#3728,.T.);
#3730=ORIENTED_EDGE('',*,*,#3729,.F.);
#3731=CARTESIAN_POINT('',(0.09550142505193,0.088188976377953,0.025590551181102));
#3732=DIRECTION('',(-0.345438542726519,0.0,0.938441374407043));
#3733=VECTOR('',#3732,0.009988675363216);
#3734=LINE('',#3731,#3733);
#3735=EDGE_CURVE('',#3724,#2815,#3734,.T.);
#3736=ORIENTED_EDGE('',*,*,#3735,.T.);
#3737=EDGE_LOOP('',(#3712,#3713,#3714,#3722,#3730,#3736));
#3738=FACE_OUTER_BOUND('',#3737,.T.);
#3739=ADVANCED_FACE('',(#3738),#3711,.T.);
#3740=CARTESIAN_POINT('',(0.147244094488189,0.087204724409449,-0.018700787401575));
#3741=DIRECTION('',(0.0,0.0,1.0));
#3742=DIRECTION('',(1.0,0.0,0.0));
#3743=AXIS2_PLACEMENT_3D('',#3740,#3741,#3742);
#3744=SPHERICAL_SURFACE('',#3743,0.012795275590551);
#3745=CARTESIAN_POINT('',(0.16003937007874,0.087204724409449,-0.018700787401575));
#3746=VERTEX_POINT('',#3745);
#3747=CARTESIAN_POINT('',(0.147244094488189,0.087204724409449,-0.018700787401575));
#3748=DIRECTION('',(0.0,0.0,-1.0));
#3749=DIRECTION('',(1.0,0.0,0.0));
#3750=AXIS2_PLACEMENT_3D('',#3747,#3748,#3749);
#3751=CIRCLE('',#3750,0.012795275590551);
#3752=EDGE_CURVE('',#3746,#3746,#3751,.T.);
#3753=ORIENTED_EDGE('',*,*,#3752,.T.);
#3754=EDGE_LOOP('',(#3753));
#3755=FACE_OUTER_BOUND('',#3754,.T.);
#3756=ADVANCED_FACE('',(#3755),#3744,.T.);
#3757=CARTESIAN_POINT('',(0.147244094488189,0.087204724409449,0.000935039370079));
#3758=DIRECTION('',(0.0,0.0,-1.0));
#3759=DIRECTION('',(1.0,0.0,0.0));
#3760=AXIS2_PLACEMENT_3D('',#3757,#3758,#3759);
#3761=CYLINDRICAL_SURFACE('',#3760,0.012795275590551);
#3762=ORIENTED_EDGE('',*,*,#3752,.F.);
#3763=EDGE_LOOP('',(#3762));
#3764=FACE_OUTER_BOUND('',#3763,.T.);
#3765=CARTESIAN_POINT('',(0.147244094488189,0.1,0.0));
#3766=VERTEX_POINT('',#3765);
#3767=CARTESIAN_POINT('',(0.16003937007874,0.087204724409449,0.0));
#3768=VERTEX_POINT('',#3767);
#3769=CARTESIAN_POINT('',(0.147244094488189,0.087204724409449,0.0));
#3770=DIRECTION('',(0.0,0.0,1.0));
#3771=DIRECTION('',(1.0,0.0,0.0));
#3772=AXIS2_PLACEMENT_3D('',#3769,#3770,#3771);
#3773=CIRCLE('',#3772,0.012795275590551);
#3774=EDGE_CURVE('',#3766,#3768,#3773,.T.);
#3775=ORIENTED_EDGE('',*,*,#3774,.F.);
#3776=CARTESIAN_POINT('',(0.147244094488189,0.087204724409449,0.0));
#3777=DIRECTION('',(0.0,0.0,1.0));
#3778=DIRECTION('',(1.0,0.0,0.0));
#3779=AXIS2_PLACEMENT_3D('',#3776,#3777,#3778);
#3780=CIRCLE('',#3779,0.012795275590551);
#3781=EDGE_CURVE('',#3768,#3766,#3780,.T.);
#3782=ORIENTED_EDGE('',*,*,#3781,.F.);
#3783=EDGE_LOOP('',(#3775,#3782));
#3784=FACE_BOUND('',#3783,.T.);
#3785=ADVANCED_FACE('',(#3764,#3784),#3761,.T.);
#3786=CARTESIAN_POINT('',(-0.147244094488189,-0.087204724409449,-0.018700787401575));
#3787=DIRECTION('',(0.0,0.0,1.0));
#3788=DIRECTION('',(1.0,0.0,0.0));
#3789=AXIS2_PLACEMENT_3D('',#3786,#3787,#3788);
#3790=SPHERICAL_SURFACE('',#3789,0.012795275590551);
#3791=CARTESIAN_POINT('',(-0.134448818897638,-0.087204724409449,-0.018700787401575));
#3792=VERTEX_POINT('',#3791);
#3793=CARTESIAN_POINT('',(-0.147244094488189,-0.087204724409449,-0.018700787401575));
#3794=DIRECTION('',(0.0,0.0,-1.0));
#3795=DIRECTION('',(1.0,0.0,0.0));
#3796=AXIS2_PLACEMENT_3D('',#3793,#3794,#3795);
#3797=CIRCLE('',#3796,0.012795275590551);
#3798=EDGE_CURVE('',#3792,#3792,#3797,.T.);
#3799=ORIENTED_EDGE('',*,*,#3798,.T.);
#3800=EDGE_LOOP('',(#3799));
#3801=FACE_OUTER_BOUND('',#3800,.T.);
#3802=ADVANCED_FACE('',(#3801),#3790,.T.);
#3803=CARTESIAN_POINT('',(-0.147244094488189,-0.087204724409449,0.000935039370079));
#3804=DIRECTION('',(0.0,0.0,-1.0));
#3805=DIRECTION('',(1.0,0.0,0.0));
#3806=AXIS2_PLACEMENT_3D('',#3803,#3804,#3805);
#3807=CYLINDRICAL_SURFACE('',#3806,0.012795275590551);
#3808=ORIENTED_EDGE('',*,*,#3798,.F.);
#3809=EDGE_LOOP('',(#3808));
#3810=FACE_OUTER_BOUND('',#3809,.T.);
#3811=CARTESIAN_POINT('',(-0.147244094488189,-0.1,0.0));
#3812=VERTEX_POINT('',#3811);
#3813=CARTESIAN_POINT('',(-0.16003937007874,-0.087204724409449,0.0));
#3814=VERTEX_POINT('',#3813);
#3815=CARTESIAN_POINT('',(-0.147244094488189,-0.087204724409449,0.0));
#3816=DIRECTION('',(0.0,0.0,1.0));
#3817=DIRECTION('',(1.0,0.0,0.0));
#3818=AXIS2_PLACEMENT_3D('',#3815,#3816,#3817);
#3819=CIRCLE('',#3818,0.012795275590551);
#3820=EDGE_CURVE('',#3812,#3814,#3819,.T.);
#3821=ORIENTED_EDGE('',*,*,#3820,.F.);
#3822=CARTESIAN_POINT('',(-0.147244094488189,-0.087204724409449,0.0));
#3823=DIRECTION('',(0.0,0.0,1.0));
#3824=DIRECTION('',(1.0,0.0,0.0));
#3825=AXIS2_PLACEMENT_3D('',#3822,#3823,#3824);
#3826=CIRCLE('',#3825,0.012795275590551);
#3827=EDGE_CURVE('',#3814,#3812,#3826,.T.);
#3828=ORIENTED_EDGE('',*,*,#3827,.F.);
#3829=EDGE_LOOP('',(#3821,#3828));
#3830=FACE_BOUND('',#3829,.T.);
#3831=ADVANCED_FACE('',(#3810,#3830),#3807,.T.);
#3832=CARTESIAN_POINT('',(0.147244094488189,-0.087204724409449,-0.018700787401575));
#3833=DIRECTION('',(0.0,0.0,1.0));
#3834=DIRECTION('',(1.0,0.0,0.0));
#3835=AXIS2_PLACEMENT_3D('',#3832,#3833,#3834);
#3836=SPHERICAL_SURFACE('',#3835,0.012795275590551);
#3837=CARTESIAN_POINT('',(0.16003937007874,-0.087204724409449,-0.018700787401575));
#3838=VERTEX_POINT('',#3837);
#3839=CARTESIAN_POINT('',(0.147244094488189,-0.087204724409449,-0.018700787401575));
#3840=DIRECTION('',(0.0,0.0,-1.0));
#3841=DIRECTION('',(1.0,0.0,0.0));
#3842=AXIS2_PLACEMENT_3D('',#3839,#3840,#3841);
#3843=CIRCLE('',#3842,0.012795275590551);
#3844=EDGE_CURVE('',#3838,#3838,#3843,.T.);
#3845=ORIENTED_EDGE('',*,*,#3844,.T.);
#3846=EDGE_LOOP('',(#3845));
#3847=FACE_OUTER_BOUND('',#3846,.T.);
#3848=ADVANCED_FACE('',(#3847),#3836,.T.);
#3849=CARTESIAN_POINT('',(0.147244094488189,-0.087204724409449,0.000935039370079));
#3850=DIRECTION('',(0.0,0.0,-1.0));
#3851=DIRECTION('',(1.0,0.0,0.0));
#3852=AXIS2_PLACEMENT_3D('',#3849,#3850,#3851);
#3853=CYLINDRICAL_SURFACE('',#3852,0.012795275590551);
#3854=ORIENTED_EDGE('',*,*,#3844,.F.);
#3855=EDGE_LOOP('',(#3854));
#3856=FACE_OUTER_BOUND('',#3855,.T.);
#3857=CARTESIAN_POINT('',(0.147244094488189,-0.1,0.0));
#3858=VERTEX_POINT('',#3857);
#3859=CARTESIAN_POINT('',(0.16003937007874,-0.087204724409449,0.0));
#3860=VERTEX_POINT('',#3859);
#3861=CARTESIAN_POINT('',(0.147244094488189,-0.087204724409449,0.0));
#3862=DIRECTION('',(0.0,0.0,1.0));
#3863=DIRECTION('',(1.0,0.0,0.0));
#3864=AXIS2_PLACEMENT_3D('',#3861,#3862,#3863);
#3865=CIRCLE('',#3864,0.012795275590551);
#3866=EDGE_CURVE('',#3858,#3860,#3865,.T.);
#3867=ORIENTED_EDGE('',*,*,#3866,.F.);
#3868=CARTESIAN_POINT('',(0.147244094488189,-0.087204724409449,0.0));
#3869=DIRECTION('',(0.0,0.0,1.0));
#3870=DIRECTION('',(1.0,0.0,0.0));
#3871=AXIS2_PLACEMENT_3D('',#3868,#3869,#3870);
#3872=CIRCLE('',#3871,0.012795275590551);
#3873=EDGE_CURVE('',#3860,#3858,#3872,.T.);
#3874=ORIENTED_EDGE('',*,*,#3873,.F.);
#3875=EDGE_LOOP('',(#3867,#3874));
#3876=FACE_BOUND('',#3875,.T.);
#3877=ADVANCED_FACE('',(#3856,#3876),#3853,.T.);
#3878=CARTESIAN_POINT('',(-0.147244094488189,0.087204724409449,-0.018700787401575));
#3879=DIRECTION('',(0.0,0.0,1.0));
#3880=DIRECTION('',(1.0,0.0,0.0));
#3881=AXIS2_PLACEMENT_3D('',#3878,#3879,#3880);
#3882=SPHERICAL_SURFACE('',#3881,0.012795275590551);
#3883=CARTESIAN_POINT('',(-0.134448818897638,0.087204724409449,-0.018700787401575));
#3884=VERTEX_POINT('',#3883);
#3885=CARTESIAN_POINT('',(-0.147244094488189,0.087204724409449,-0.018700787401575));
#3886=DIRECTION('',(0.0,0.0,-1.0));
#3887=DIRECTION('',(1.0,0.0,0.0));
#3888=AXIS2_PLACEMENT_3D('',#3885,#3886,#3887);
#3889=CIRCLE('',#3888,0.012795275590551);
#3890=EDGE_CURVE('',#3884,#3884,#3889,.T.);
#3891=ORIENTED_EDGE('',*,*,#3890,.T.);
#3892=EDGE_LOOP('',(#3891));
#3893=FACE_OUTER_BOUND('',#3892,.T.);
#3894=ADVANCED_FACE('',(#3893),#3882,.T.);
#3895=CARTESIAN_POINT('',(-0.147244094488189,0.087204724409449,0.000935039370079));
#3896=DIRECTION('',(0.0,0.0,-1.0));
#3897=DIRECTION('',(1.0,0.0,0.0));
#3898=AXIS2_PLACEMENT_3D('',#3895,#3896,#3897);
#3899=CYLINDRICAL_SURFACE('',#3898,0.012795275590551);
#3900=ORIENTED_EDGE('',*,*,#3890,.F.);
#3901=EDGE_LOOP('',(#3900));
#3902=FACE_OUTER_BOUND('',#3901,.T.);
#3903=CARTESIAN_POINT('',(-0.16003937007874,0.087204724409449,0.0));
#3904=VERTEX_POINT('',#3903);
#3905=CARTESIAN_POINT('',(-0.147244094488189,0.1,0.0));
#3906=VERTEX_POINT('',#3905);
#3907=CARTESIAN_POINT('',(-0.147244094488189,0.087204724409449,0.0));
#3908=DIRECTION('',(0.0,0.0,1.0));
#3909=DIRECTION('',(1.0,0.0,0.0));
#3910=AXIS2_PLACEMENT_3D('',#3907,#3908,#3909);
#3911=CIRCLE('',#3910,0.012795275590551);
#3912=EDGE_CURVE('',#3904,#3906,#3911,.T.);
#3913=ORIENTED_EDGE('',*,*,#3912,.F.);
#3914=CARTESIAN_POINT('',(-0.147244094488189,0.087204724409449,0.0));
#3915=DIRECTION('',(0.0,0.0,1.0));
#3916=DIRECTION('',(1.0,0.0,0.0));
#3917=AXIS2_PLACEMENT_3D('',#3914,#3915,#3916);
#3918=CIRCLE('',#3917,0.012795275590551);
#3919=EDGE_CURVE('',#3906,#3904,#3918,.T.);
#3920=ORIENTED_EDGE('',*,*,#3919,.F.);
#3921=EDGE_LOOP('',(#3913,#3920));
#3922=FACE_BOUND('',#3921,.T.);
#3923=ADVANCED_FACE('',(#3902,#3922),#3899,.T.);
#3924=CARTESIAN_POINT('',(-2.731848E-017,1.154328E-019,0.0));
#3925=DIRECTION('',(0.0,0.0,1.0));
#3926=DIRECTION('',(1.0,0.0,0.0));
#3927=AXIS2_PLACEMENT_3D('',#3924,#3925,#3926);
#3928=PLANE('',#3927);
#3929=ORIENTED_EDGE('',*,*,#3781,.T.);
#3930=CARTESIAN_POINT('',(0.16003937007874,0.1,0.0));
#3931=VERTEX_POINT('',#3930);
#3932=CARTESIAN_POINT('',(0.147244094488189,0.1,0.0));
#3933=DIRECTION('',(1.0,0.0,0.0));
#3934=VECTOR('',#3933,0.012795275590551);
#3935=LINE('',#3932,#3934);
#3936=EDGE_CURVE('',#3766,#3931,#3935,.T.);
#3937=ORIENTED_EDGE('',*,*,#3936,.T.);
#3938=CARTESIAN_POINT('',(0.16003937007874,0.1,0.0));
#3939=DIRECTION('',(0.0,-1.0,0.0));
#3940=VECTOR('',#3939,0.012795275590551);
#3941=LINE('',#3938,#3940);
#3942=EDGE_CURVE('',#3931,#3768,#3941,.T.);
#3943=ORIENTED_EDGE('',*,*,#3942,.T.);
#3944=EDGE_LOOP('',(#3929,#3937,#3943));
#3945=FACE_OUTER_BOUND('',#3944,.T.);
#3946=ADVANCED_FACE('',(#3945),#3928,.F.);
#3947=CARTESIAN_POINT('',(-0.160679133858268,-0.100639763779528,0.0));
#3948=DIRECTION('',(0.0,0.0,1.0));
#3949=DIRECTION('',(1.0,0.0,0.0));
#3950=AXIS2_PLACEMENT_3D('',#3947,#3948,#3949);
#3951=PLANE('',#3950);
#3952=ORIENTED_EDGE('',*,*,#3827,.T.);
#3953=CARTESIAN_POINT('',(-0.16003937007874,-0.1,0.0));
#3954=VERTEX_POINT('',#3953);
#3955=CARTESIAN_POINT('',(-0.147244094488189,-0.1,0.0));
#3956=DIRECTION('',(-1.0,0.0,0.0));
#3957=VECTOR('',#3956,0.012795275590551);
#3958=LINE('',#3955,#3957);
#3959=EDGE_CURVE('',#3812,#3954,#3958,.T.);
#3960=ORIENTED_EDGE('',*,*,#3959,.T.);
#3961=CARTESIAN_POINT('',(-0.16003937007874,-0.1,0.0));
#3962=DIRECTION('',(0.0,1.0,0.0));
#3963=VECTOR('',#3962,0.012795275590551);
#3964=LINE('',#3961,#3963);
#3965=EDGE_CURVE('',#3954,#3814,#3964,.T.);
#3966=ORIENTED_EDGE('',*,*,#3965,.T.);
#3967=EDGE_LOOP('',(#3952,#3960,#3966));
#3968=FACE_OUTER_BOUND('',#3967,.T.);
#3969=ADVANCED_FACE('',(#3968),#3951,.F.);
#3970=CARTESIAN_POINT('',(-0.160679133858268,0.086564960629921,0.0));
#3971=DIRECTION('',(0.0,0.0,1.0));
#3972=DIRECTION('',(1.0,0.0,0.0));
#3973=AXIS2_PLACEMENT_3D('',#3970,#3971,#3972);
#3974=PLANE('',#3973);
#3975=ORIENTED_EDGE('',*,*,#3919,.T.);
#3976=CARTESIAN_POINT('',(-0.16003937007874,0.1,0.0));
#3977=VERTEX_POINT('',#3976);
#3978=CARTESIAN_POINT('',(-0.16003937007874,0.087204724409449,0.0));
#3979=DIRECTION('',(0.0,1.0,0.0));
#3980=VECTOR('',#3979,0.012795275590551);
#3981=LINE('',#3978,#3980);
#3982=EDGE_CURVE('',#3904,#3977,#3981,.T.);
#3983=ORIENTED_EDGE('',*,*,#3982,.T.);
#3984=CARTESIAN_POINT('',(-0.16003937007874,0.1,0.0));
#3985=DIRECTION('',(1.0,0.0,0.0));
#3986=VECTOR('',#3985,0.012795275590551);
#3987=LINE('',#3984,#3986);
#3988=EDGE_CURVE('',#3977,#3906,#3987,.T.);
#3989=ORIENTED_EDGE('',*,*,#3988,.T.);
#3990=EDGE_LOOP('',(#3975,#3983,#3989));
#3991=FACE_OUTER_BOUND('',#3990,.T.);
#3992=ADVANCED_FACE('',(#3991),#3974,.F.);
#3993=CARTESIAN_POINT('',(0.146604330708661,-0.100639763779528,0.0));
#3994=DIRECTION('',(0.0,0.0,1.0));
#3995=DIRECTION('',(1.0,0.0,0.0));
#3996=AXIS2_PLACEMENT_3D('',#3993,#3994,#3995);
#3997=PLANE('',#3996);
#3998=ORIENTED_EDGE('',*,*,#3866,.T.);
#3999=CARTESIAN_POINT('',(0.16003937007874,-0.1,0.0));
#4000=VERTEX_POINT('',#3999);
#4001=CARTESIAN_POINT('',(0.16003937007874,-0.087204724409449,0.0));
#4002=DIRECTION('',(0.0,-1.0,0.0));
#4003=VECTOR('',#4002,0.012795275590551);
#4004=LINE('',#4001,#4003);
#4005=EDGE_CURVE('',#3860,#4000,#4004,.T.);
#4006=ORIENTED_EDGE('',*,*,#4005,.T.);
#4007=CARTESIAN_POINT('',(0.16003937007874,-0.1,0.0));
#4008=DIRECTION('',(-1.0,0.0,0.0));
#4009=VECTOR('',#4008,0.012795275590551);
#4010=LINE('',#4007,#4009);
#4011=EDGE_CURVE('',#4000,#3858,#4010,.T.);
#4012=ORIENTED_EDGE('',*,*,#4011,.T.);
#4013=EDGE_LOOP('',(#3998,#4006,#4012));
#4014=FACE_OUTER_BOUND('',#4013,.T.);
#4015=ADVANCED_FACE('',(#4014),#3997,.F.);
#4016=CARTESIAN_POINT('',(-0.176043307086614,-0.11,0.0));
#4017=DIRECTION('',(0.0,0.0,1.0));
#4018=DIRECTION('',(1.0,0.0,0.0));
#4019=AXIS2_PLACEMENT_3D('',#4016,#4017,#4018);
#4020=PLANE('',#4019);
#4021=ORIENTED_EDGE('',*,*,#3873,.T.);
#4022=CARTESIAN_POINT('',(0.10492125984252,-0.1,-3.469447E-017));
#4023=VERTEX_POINT('',#4022);
#4024=CARTESIAN_POINT('',(0.147244094488189,-0.1,0.0));
#4025=DIRECTION('',(-1.0,0.0,0.0));
#4026=VECTOR('',#4025,0.042322834645669);
#4027=LINE('',#4024,#4026);
#4028=EDGE_CURVE('',#3858,#4023,#4027,.T.);
#4029=ORIENTED_EDGE('',*,*,#4028,.T.);
#4030=CARTESIAN_POINT('',(0.10492125984252,-0.076377952755906,0.0));
#4031=VERTEX_POINT('',#4030);
#4032=CARTESIAN_POINT('',(0.10492125984252,-0.1,0.0));
#4033=DIRECTION('',(0.0,1.0,0.0));
#4034=VECTOR('',#4033,0.023622047244094);
#4035=LINE('',#4032,#4034);
#4036=EDGE_CURVE('',#4023,#4031,#4035,.T.);
#4037=ORIENTED_EDGE('',*,*,#4036,.T.);
#4038=CARTESIAN_POINT('',(-0.10492125984252,-0.076377952755906,-4.345460E-017));
#4039=VERTEX_POINT('',#4038);
#4040=CARTESIAN_POINT('',(0.10492125984252,-0.076377952755905,0.0));
#4041=DIRECTION('',(-1.0,0.0,0.0));
#4042=VECTOR('',#4041,0.20984251968504);
#4043=LINE('',#4040,#4042);
#4044=EDGE_CURVE('',#4031,#4039,#4043,.T.);
#4045=ORIENTED_EDGE('',*,*,#4044,.T.);
#4046=CARTESIAN_POINT('',(-0.10492125984252,-0.1,-1.826184E-018));
#4047=VERTEX_POINT('',#4046);
#4048=CARTESIAN_POINT('',(-0.10492125984252,-0.076377952755906,-5.463697E-018));
#4049=DIRECTION('',(0.0,-1.0,0.0));
#4050=VECTOR('',#4049,0.023622047244094);
#4051=LINE('',#4048,#4050);
#4052=EDGE_CURVE('',#4039,#4047,#4051,.T.);
#4053=ORIENTED_EDGE('',*,*,#4052,.T.);
#4054=CARTESIAN_POINT('',(-0.10492125984252,-0.1,0.0));
#4055=DIRECTION('',(-1.0,0.0,0.0));
#4056=VECTOR('',#4055,0.042322834645669);
#4057=LINE('',#4054,#4056);
#4058=EDGE_CURVE('',#4047,#3812,#4057,.T.);
#4059=ORIENTED_EDGE('',*,*,#4058,.T.);
#4060=ORIENTED_EDGE('',*,*,#3820,.T.);
#4061=CARTESIAN_POINT('',(-0.16003937007874,-0.087204724409449,0.0));
#4062=DIRECTION('',(0.0,1.0,0.0));
#4063=VECTOR('',#4062,0.174409448818898);
#4064=LINE('',#4061,#4063);
#4065=EDGE_CURVE('',#3814,#3904,#4064,.T.);
#4066=ORIENTED_EDGE('',*,*,#4065,.T.);
#4067=ORIENTED_EDGE('',*,*,#3912,.T.);
#4068=CARTESIAN_POINT('',(-0.10492125984252,0.1,-3.420274E-017));
#4069=VERTEX_POINT('',#4068);
#4070=CARTESIAN_POINT('',(-0.147244094488189,0.1,0.0));
#4071=DIRECTION('',(1.0,0.0,0.0));
#4072=VECTOR('',#4071,0.042322834645669);
#4073=LINE('',#4070,#4072);
#4074=EDGE_CURVE('',#3906,#4069,#4073,.T.);
#4075=ORIENTED_EDGE('',*,*,#4074,.T.);
#4076=CARTESIAN_POINT('',(-0.10492125984252,0.076377952755906,-4.345460E-017));
#4077=VERTEX_POINT('',#4076);
#4078=CARTESIAN_POINT('',(-0.10492125984252,0.1,-5.463697E-018));
#4079=DIRECTION('',(0.0,-1.0,0.0));
#4080=VECTOR('',#4079,0.023622047244094);
#4081=LINE('',#4078,#4080);
#4082=EDGE_CURVE('',#4069,#4077,#4081,.T.);
#4083=ORIENTED_EDGE('',*,*,#4082,.T.);
#4084=CARTESIAN_POINT('',(0.10492125984252,0.076377952755906,0.0));
#4085=VERTEX_POINT('',#4084);
#4086=CARTESIAN_POINT('',(-0.10492125984252,0.076377952755906,0.0));
#4087=DIRECTION('',(1.0,0.0,0.0));
#4088=VECTOR('',#4087,0.20984251968504);
#4089=LINE('',#4086,#4088);
#4090=EDGE_CURVE('',#4077,#4085,#4089,.T.);
#4091=ORIENTED_EDGE('',*,*,#4090,.T.);
#4092=CARTESIAN_POINT('',(0.10492125984252,0.1,6.348334E-019));
#4093=VERTEX_POINT('',#4092);
#4094=CARTESIAN_POINT('',(0.10492125984252,0.076377952755906,0.0));
#4095=DIRECTION('',(0.0,1.0,0.0));
#4096=VECTOR('',#4095,0.023622047244094);
#4097=LINE('',#4094,#4096);
#4098=EDGE_CURVE('',#4085,#4093,#4097,.T.);
#4099=ORIENTED_EDGE('',*,*,#4098,.T.);
#4100=CARTESIAN_POINT('',(0.10492125984252,0.1,0.0));
#4101=DIRECTION('',(1.0,0.0,0.0));
#4102=VECTOR('',#4101,0.042322834645669);
#4103=LINE('',#4100,#4102);
#4104=EDGE_CURVE('',#4093,#3766,#4103,.T.);
#4105=ORIENTED_EDGE('',*,*,#4104,.T.);
#4106=ORIENTED_EDGE('',*,*,#3774,.T.);
#4107=CARTESIAN_POINT('',(0.16003937007874,0.087204724409449,0.0));
#4108=DIRECTION('',(0.0,-1.0,0.0));
#4109=VECTOR('',#4108,0.174409448818898);
#4110=LINE('',#4107,#4109);
#4111=EDGE_CURVE('',#3768,#3860,#4110,.T.);
#4112=ORIENTED_EDGE('',*,*,#4111,.T.);
#4113=EDGE_LOOP('',(#4021,#4029,#4037,#4045,#4053,#4059,#4060,#4066,#4067,#4075,#4083,#4091,#4099,#4105,#4106,#4112));
#4114=FACE_OUTER_BOUND('',#4113,.T.);
#4115=ORIENTED_EDGE('',*,*,#1340,.T.);
#4116=ORIENTED_EDGE('',*,*,#1426,.T.);
#4117=ORIENTED_EDGE('',*,*,#1592,.T.);
#4118=ORIENTED_EDGE('',*,*,#951,.T.);
#4119=ORIENTED_EDGE('',*,*,#905,.T.);
#4120=ORIENTED_EDGE('',*,*,#1018,.T.);
#4121=ORIENTED_EDGE('',*,*,#1084,.T.);
#4122=ORIENTED_EDGE('',*,*,#2041,.T.);
#4123=EDGE_LOOP('',(#4115,#4116,#4117,#4118,#4119,#4120,#4121,#4122));
#4124=FACE_BOUND('',#4123,.T.);
#4125=ADVANCED_FACE('',(#4114,#4124),#4020,.F.);
#4126=CARTESIAN_POINT('',(-0.089429133858267,-0.08759842519685,0.096935732433372));
#4127=DIRECTION('',(1.237643E-016,-0.90630778703665,0.4226182617407));
#4128=DIRECTION('',(0.0,-0.4226182617407,-0.90630778703665));
#4129=AXIS2_PLACEMENT_3D('',#4126,#4127,#4128);
#4130=PLANE('',#4129);
#4131=ORIENTED_EDGE('',*,*,#2670,.T.);
#4132=CARTESIAN_POINT('',(-0.081299212598425,-0.1,0.070340469442801));
#4133=DIRECTION('',(1.0,0.0,0.0));
#4134=VECTOR('',#4133,0.16259842519685);
#4135=LINE('',#4132,#4134);
#4136=EDGE_CURVE('',#2665,#3435,#4135,.T.);
#4137=ORIENTED_EDGE('',*,*,#4136,.T.);
#4138=ORIENTED_EDGE('',*,*,#3442,.T.);
#4139=ORIENTED_EDGE('',*,*,#3470,.T.);
#4140=EDGE_LOOP('',(#4131,#4137,#4138,#4139));
#4141=FACE_OUTER_BOUND('',#4140,.T.);
#4142=ADVANCED_FACE('',(#4141),#4130,.T.);
#4143=CARTESIAN_POINT('',(-0.089429133858267,0.100590551181102,0.069074028348012));
#4144=DIRECTION('',(0.0,0.90630778703665,0.422618261740699));
#4145=DIRECTION('',(0.0,-0.422618261740699,0.90630778703665));
#4146=AXIS2_PLACEMENT_3D('',#4143,#4144,#4145);
#4147=PLANE('',#4146);
#4148=ORIENTED_EDGE('',*,*,#2758,.T.);
#4149=CARTESIAN_POINT('',(0.081299212598425,0.1,0.070340469442801));
#4150=DIRECTION('',(-1.0,0.0,0.0));
#4151=VECTOR('',#4150,0.16259842519685);
#4152=LINE('',#4149,#4151);
#4153=EDGE_CURVE('',#2753,#2783,#4152,.T.);
#4154=ORIENTED_EDGE('',*,*,#4153,.T.);
#4155=ORIENTED_EDGE('',*,*,#2790,.T.);
#4156=ORIENTED_EDGE('',*,*,#3416,.F.);
#4157=EDGE_LOOP('',(#4148,#4154,#4155,#4156));
#4158=FACE_OUTER_BOUND('',#4157,.T.);
#4159=ADVANCED_FACE('',(#4158),#4147,.T.);
#4160=CARTESIAN_POINT('',(-0.16003937007874,0.1,0.0));
#4161=DIRECTION('',(0.0,1.0,0.0));
#4162=DIRECTION('',(0.0,0.0,1.0));
#4163=AXIS2_PLACEMENT_3D('',#4160,#4161,#4162);
#4164=PLANE('',#4163);
#4165=ORIENTED_EDGE('',*,*,#3176,.F.);
#4166=ORIENTED_EDGE('',*,*,#3250,.T.);
#4167=ORIENTED_EDGE('',*,*,#3273,.T.);
#4168=ORIENTED_EDGE('',*,*,#3512,.F.);
#4169=ORIENTED_EDGE('',*,*,#3342,.T.);
#4170=ORIENTED_EDGE('',*,*,#3394,.T.);
#4171=EDGE_LOOP('',(#4165,#4166,#4167,#4168,#4169,#4170));
#4172=FACE_OUTER_BOUND('',#4171,.T.);
#4173=ORIENTED_EDGE('',*,*,#4153,.F.);
#4174=ORIENTED_EDGE('',*,*,#2772,.T.);
#4175=ORIENTED_EDGE('',*,*,#3423,.T.);
#4176=ORIENTED_EDGE('',*,*,#2798,.T.);
#4177=EDGE_LOOP('',(#4173,#4174,#4175,#4176));
#4178=FACE_BOUND('',#4177,.T.);
#4179=ADVANCED_FACE('',(#4172,#4178),#4164,.T.);
#4180=CARTESIAN_POINT('',(0.106102362204725,0.075196850393701,-0.003208661417323));
#4181=DIRECTION('',(-0.938441374407043,0.0,-0.345438542726519));
#4182=DIRECTION('',(-0.345438542726519,0.0,0.938441374407043));
#4183=AXIS2_PLACEMENT_3D('',#4180,#4181,#4182);
#4184=PLANE('',#4183);
#4185=ORIENTED_EDGE('',*,*,#3735,.F.);
#4186=CARTESIAN_POINT('',(0.09550142505193,0.1,0.025590551181102));
#4187=VERTEX_POINT('',#4186);
#4188=CARTESIAN_POINT('',(0.09550142505193,0.1,0.025590551181102));
#4189=DIRECTION('',(0.0,-1.0,0.0));
#4190=VECTOR('',#4189,0.011811023622047);
#4191=LINE('',#4188,#4190);
#4192=EDGE_CURVE('',#4187,#3724,#4191,.T.);
#4193=ORIENTED_EDGE('',*,*,#4192,.F.);
#4194=CARTESIAN_POINT('',(0.10492125984252,0.1,1.904500E-018));
#4195=DIRECTION('',(-0.345438542726517,0.0,0.938441374407043));
#4196=VECTOR('',#4195,0.027269206025013);
#4197=LINE('',#4194,#4196);
#4198=EDGE_CURVE('',#4093,#4187,#4197,.T.);
#4199=ORIENTED_EDGE('',*,*,#4198,.F.);
#4200=ORIENTED_EDGE('',*,*,#4098,.F.);
#4201=CARTESIAN_POINT('',(0.081299212598425,0.076377952755906,0.064173228346457));
#4202=VERTEX_POINT('',#4201);
#4203=CARTESIAN_POINT('',(0.10492125984252,0.076377952755906,0.0));
#4204=DIRECTION('',(-0.345438542726519,0.0,0.938441374407043));
#4205=VECTOR('',#4204,0.068382778185803);
#4206=LINE('',#4203,#4205);
#4207=EDGE_CURVE('',#4085,#4202,#4206,.T.);
#4208=ORIENTED_EDGE('',*,*,#4207,.T.);
#4209=CARTESIAN_POINT('',(0.081299212598425,0.088188976377953,0.064173228346457));
#4210=DIRECTION('',(0.0,-1.0,0.0));
#4211=VECTOR('',#4210,0.011811023622047);
#4212=LINE('',#4209,#4211);
#4213=EDGE_CURVE('',#2817,#4202,#4212,.T.);
#4214=ORIENTED_EDGE('',*,*,#4213,.F.);
#4215=ORIENTED_EDGE('',*,*,#2822,.F.);
#4216=EDGE_LOOP('',(#4185,#4193,#4199,#4200,#4208,#4214,#4215));
#4217=FACE_OUTER_BOUND('',#4216,.T.);
#4218=ADVANCED_FACE('',(#4217),#4184,.T.);
#4219=CARTESIAN_POINT('',(-0.08011811023622,0.075196850393701,0.06738188976378));
#4220=DIRECTION('',(0.938441374407043,0.0,-0.345438542726519));
#4221=DIRECTION('',(-0.345438542726519,0.0,-0.938441374407043));
#4222=AXIS2_PLACEMENT_3D('',#4219,#4220,#4221);
#4223=PLANE('',#4222);
#4224=ORIENTED_EDGE('',*,*,#2838,.F.);
#4225=CARTESIAN_POINT('',(-0.081299212598425,0.076377952755906,0.064173228346457));
#4226=VERTEX_POINT('',#4225);
#4227=CARTESIAN_POINT('',(-0.081299212598425,0.088188976377953,0.064173228346457));
#4228=DIRECTION('',(0.0,-1.0,0.0));
#4229=VECTOR('',#4228,0.011811023622047);
#4230=LINE('',#4227,#4229);
#4231=EDGE_CURVE('',#2825,#4226,#4230,.T.);
#4232=ORIENTED_EDGE('',*,*,#4231,.T.);
#4233=CARTESIAN_POINT('',(-0.081299212598425,0.076377952755906,0.064173228346457));
#4234=DIRECTION('',(-0.345438542726519,0.0,-0.938441374407042));
#4235=VECTOR('',#4234,0.068382778185803);
#4236=LINE('',#4233,#4235);
#4237=EDGE_CURVE('',#4226,#4077,#4236,.T.);
#4238=ORIENTED_EDGE('',*,*,#4237,.T.);
#4239=ORIENTED_EDGE('',*,*,#4082,.F.);
#4240=CARTESIAN_POINT('',(-0.09550142505193,0.1,0.025590551181102));
#4241=VERTEX_POINT('',#4240);
#4242=CARTESIAN_POINT('',(-0.09550142505193,0.1,0.025590551181102));
#4243=DIRECTION('',(-0.345438542726519,0.0,-0.938441374407043));
#4244=VECTOR('',#4243,0.027269206025013);
#4245=LINE('',#4242,#4244);
#4246=EDGE_CURVE('',#4241,#4069,#4245,.T.);
#4247=ORIENTED_EDGE('',*,*,#4246,.F.);
#4248=CARTESIAN_POINT('',(-0.09550142505193,0.088188976377953,0.025590551181102));
#4249=DIRECTION('',(0.0,1.0,0.0));
#4250=VECTOR('',#4249,0.011811023622047);
#4251=LINE('',#4248,#4250);
#4252=EDGE_CURVE('',#3682,#4241,#4251,.T.);
#4253=ORIENTED_EDGE('',*,*,#4252,.F.);
#4254=ORIENTED_EDGE('',*,*,#3687,.F.);
#4255=EDGE_LOOP('',(#4224,#4232,#4238,#4239,#4247,#4253,#4254));
#4256=FACE_OUTER_BOUND('',#4255,.T.);
#4257=ADVANCED_FACE('',(#4256),#4223,.T.);
#4258=CARTESIAN_POINT('',(-0.115413385826772,0.076377952755906,-0.003208661417323));
#4259=DIRECTION('',(0.0,1.0,0.0));
#4260=DIRECTION('',(0.0,0.0,1.0));
#4261=AXIS2_PLACEMENT_3D('',#4258,#4259,#4260);
#4262=PLANE('',#4261);
#4263=ORIENTED_EDGE('',*,*,#4207,.F.);
#4264=ORIENTED_EDGE('',*,*,#4090,.F.);
#4265=ORIENTED_EDGE('',*,*,#4237,.F.);
#4266=CARTESIAN_POINT('',(0.081299212598425,0.076377952755906,0.064173228346457));
#4267=DIRECTION('',(-1.0,0.0,0.0));
#4268=VECTOR('',#4267,0.16259842519685);
#4269=LINE('',#4266,#4268);
#4270=EDGE_CURVE('',#4202,#4226,#4269,.T.);
#4271=ORIENTED_EDGE('',*,*,#4270,.F.);
#4272=EDGE_LOOP('',(#4263,#4264,#4265,#4271));
#4273=FACE_OUTER_BOUND('',#4272,.T.);
#4274=ADVANCED_FACE('',(#4273),#4262,.T.);
#4275=CARTESIAN_POINT('',(-0.146730834259214,0.087598425196851,0.025590551181102));
#4276=DIRECTION('',(0.0,0.0,1.0));
#4277=DIRECTION('',(1.0,0.0,0.0));
#4278=AXIS2_PLACEMENT_3D('',#4275,#4276,#4277);
#4279=PLANE('',#4278);
#4280=ORIENTED_EDGE('',*,*,#4252,.T.);
#4281=CARTESIAN_POINT('',(-0.144291338582677,0.1,0.025590551181102));
#4282=VERTEX_POINT('',#4281);
#4283=CARTESIAN_POINT('',(-0.144291338582677,0.1,0.025590551181102));
#4284=DIRECTION('',(1.0,0.0,0.0));
#4285=VECTOR('',#4284,0.048789913530747);
#4286=LINE('',#4283,#4285);
#4287=EDGE_CURVE('',#4282,#4241,#4286,.T.);
#4288=ORIENTED_EDGE('',*,*,#4287,.F.);
#4289=CARTESIAN_POINT('',(-0.144291338582677,0.1,0.025590551181102));
#4290=DIRECTION('',(0.0,-1.0,0.0));
#4291=VECTOR('',#4290,0.011811023622047);
#4292=LINE('',#4289,#4291);
#4293=EDGE_CURVE('',#4282,#3690,#4292,.T.);
#4294=ORIENTED_EDGE('',*,*,#4293,.T.);
#4295=ORIENTED_EDGE('',*,*,#3695,.T.);
#4296=EDGE_LOOP('',(#4280,#4288,#4294,#4295));
#4297=FACE_OUTER_BOUND('',#4296,.T.);
#4298=ADVANCED_FACE('',(#4297),#4279,.T.);
#4299=CARTESIAN_POINT('',(-0.089429133858268,0.075787401574804,0.064173228346457));
#4300=DIRECTION('',(0.0,0.0,1.0));
#4301=DIRECTION('',(1.0,0.0,0.0));
#4302=AXIS2_PLACEMENT_3D('',#4299,#4300,#4301);
#4303=PLANE('',#4302);
#4304=ORIENTED_EDGE('',*,*,#2830,.T.);
#4305=ORIENTED_EDGE('',*,*,#4213,.T.);
#4306=ORIENTED_EDGE('',*,*,#4270,.T.);
#4307=ORIENTED_EDGE('',*,*,#4231,.F.);
#4308=EDGE_LOOP('',(#4304,#4305,#4306,#4307));
#4309=FACE_OUTER_BOUND('',#4308,.T.);
#4310=ADVANCED_FACE('',(#4309),#4303,.F.);
#4311=CARTESIAN_POINT('',(0.093061929375393,0.087598425196851,0.025590551181102));
#4312=DIRECTION('',(0.0,0.0,1.0));
#4313=DIRECTION('',(1.0,0.0,0.0));
#4314=AXIS2_PLACEMENT_3D('',#4311,#4312,#4313);
#4315=PLANE('',#4314);
#4316=ORIENTED_EDGE('',*,*,#4192,.T.);
#4317=ORIENTED_EDGE('',*,*,#3729,.T.);
#4318=CARTESIAN_POINT('',(0.144291338582677,0.1,0.025590551181102));
#4319=VERTEX_POINT('',#4318);
#4320=CARTESIAN_POINT('',(0.144291338582677,0.1,0.025590551181102));
#4321=DIRECTION('',(0.0,-1.0,0.0));
#4322=VECTOR('',#4321,0.011811023622047);
#4323=LINE('',#4320,#4322);
#4324=EDGE_CURVE('',#4319,#3716,#4323,.T.);
#4325=ORIENTED_EDGE('',*,*,#4324,.F.);
#4326=CARTESIAN_POINT('',(0.09550142505193,0.1,0.025590551181102));
#4327=DIRECTION('',(1.0,0.0,0.0));
#4328=VECTOR('',#4327,0.048789913530747);
#4329=LINE('',#4326,#4328);
#4330=EDGE_CURVE('',#4187,#4319,#4329,.T.);
#4331=ORIENTED_EDGE('',*,*,#4330,.F.);
#4332=EDGE_LOOP('',(#4316,#4317,#4325,#4331));
#4333=FACE_OUTER_BOUND('',#4332,.T.);
#4334=ADVANCED_FACE('',(#4333),#4315,.T.);
#4335=CARTESIAN_POINT('',(0.144291338582677,0.087598425196851,0.01263779527559));
#4336=DIRECTION('',(-1.0,0.0,0.0));
#4337=DIRECTION('',(0.0,0.0,1.0));
#4338=AXIS2_PLACEMENT_3D('',#4335,#4336,#4337);
#4339=PLANE('',#4338);
#4340=ORIENTED_EDGE('',*,*,#3721,.T.);
#4341=ORIENTED_EDGE('',*,*,#2878,.F.);
#4342=ORIENTED_EDGE('',*,*,#3669,.F.);
#4343=CARTESIAN_POINT('',(0.144291338582677,0.1,0.025590551181102));
#4344=DIRECTION('',(0.0,0.0,1.0));
#4345=VECTOR('',#4344,0.259055118110237);
#4346=LINE('',#4343,#4345);
#4347=EDGE_CURVE('',#4319,#3658,#4346,.T.);
#4348=ORIENTED_EDGE('',*,*,#4347,.F.);
#4349=ORIENTED_EDGE('',*,*,#4324,.T.);
#4350=EDGE_LOOP('',(#4340,#4341,#4342,#4348,#4349));
#4351=FACE_OUTER_BOUND('',#4350,.T.);
#4352=ADVANCED_FACE('',(#4351),#4339,.T.);
#4353=CARTESIAN_POINT('',(-0.144291338582677,0.087598425196851,0.297598425196851));
#4354=DIRECTION('',(1.0,0.0,0.0));
#4355=DIRECTION('',(0.0,0.0,-1.0));
#4356=AXIS2_PLACEMENT_3D('',#4353,#4354,#4355);
#4357=PLANE('',#4356);
#4358=ORIENTED_EDGE('',*,*,#3701,.T.);
#4359=ORIENTED_EDGE('',*,*,#4293,.F.);
#4360=CARTESIAN_POINT('',(-0.144291338582677,0.1,0.284645669291339));
#4361=DIRECTION('',(0.0,0.0,-1.0));
#4362=VECTOR('',#4361,0.259055118110237);
#4363=LINE('',#4360,#4362);
#4364=EDGE_CURVE('',#3588,#4282,#4363,.T.);
#4365=ORIENTED_EDGE('',*,*,#4364,.F.);
#4366=ORIENTED_EDGE('',*,*,#3593,.F.);
#4367=ORIENTED_EDGE('',*,*,#2918,.F.);
#4368=EDGE_LOOP('',(#4358,#4359,#4365,#4366,#4367));
#4369=FACE_OUTER_BOUND('',#4368,.T.);
#4370=ADVANCED_FACE('',(#4369),#4357,.T.);
#4371=CARTESIAN_POINT('',(0.092274527800589,0.1,-0.014232283464567));
#4372=DIRECTION('',(0.0,1.0,0.0));
#4373=DIRECTION('',(0.0,0.0,1.0));
#4374=AXIS2_PLACEMENT_3D('',#4371,#4372,#4373);
#4375=PLANE('',#4374);
#4376=ORIENTED_EDGE('',*,*,#4198,.T.);
#4377=ORIENTED_EDGE('',*,*,#4330,.T.);
#4378=ORIENTED_EDGE('',*,*,#4347,.T.);
#4379=ORIENTED_EDGE('',*,*,#3663,.T.);
#4380=CARTESIAN_POINT('',(0.16003937007874,0.1,0.0));
#4381=DIRECTION('',(0.0,0.0,1.0));
#4382=VECTOR('',#4381,0.284645669291339);
#4383=LINE('',#4380,#4382);
#4384=EDGE_CURVE('',#3931,#3650,#4383,.T.);
#4385=ORIENTED_EDGE('',*,*,#4384,.F.);
#4386=ORIENTED_EDGE('',*,*,#3936,.F.);
#4387=ORIENTED_EDGE('',*,*,#4104,.F.);
#4388=EDGE_LOOP('',(#4376,#4377,#4378,#4379,#4385,#4386,#4387));
#4389=FACE_OUTER_BOUND('',#4388,.T.);
#4390=ADVANCED_FACE('',(#4389),#4375,.T.);
#4391=CARTESIAN_POINT('',(0.080118110236221,-0.101181102362205,0.06738188976378));
#4392=DIRECTION('',(0.938441374407043,0.0,0.345438542726519));
#4393=DIRECTION('',(0.345438542726519,0.0,-0.938441374407043));
#4394=AXIS2_PLACEMENT_3D('',#4391,#4392,#4393);
#4395=PLANE('',#4394);
#4396=ORIENTED_EDGE('',*,*,#2702,.F.);
#4397=ORIENTED_EDGE('',*,*,#3543,.T.);
#4398=CARTESIAN_POINT('',(0.10492125984252,-0.076377952755906,0.0));
#4399=DIRECTION('',(-0.345438542726519,0.0,0.938441374407043));
#4400=VECTOR('',#4399,0.068382778185803);
#4401=LINE('',#4398,#4400);
#4402=EDGE_CURVE('',#4031,#3532,#4401,.T.);
#4403=ORIENTED_EDGE('',*,*,#4402,.F.);
#4404=ORIENTED_EDGE('',*,*,#4036,.F.);
#4405=CARTESIAN_POINT('',(0.09550142505193,-0.1,0.025590551181102));
#4406=VERTEX_POINT('',#4405);
#4407=CARTESIAN_POINT('',(0.09550142505193,-0.1,0.025590551181102));
#4408=DIRECTION('',(0.345438542726519,0.0,-0.938441374407043));
#4409=VECTOR('',#4408,0.027269206025013);
#4410=LINE('',#4407,#4409);
#4411=EDGE_CURVE('',#4406,#4023,#4410,.T.);
#4412=ORIENTED_EDGE('',*,*,#4411,.F.);
#4413=CARTESIAN_POINT('',(0.09550142505193,-0.088188976377953,0.025590551181102));
#4414=VERTEX_POINT('',#4413);
#4415=CARTESIAN_POINT('',(0.09550142505193,-0.088188976377953,0.025590551181102));
#4416=DIRECTION('',(0.0,-1.0,0.0));
#4417=VECTOR('',#4416,0.011811023622047);
#4418=LINE('',#4415,#4417);
#4419=EDGE_CURVE('',#4414,#4406,#4418,.T.);
#4420=ORIENTED_EDGE('',*,*,#4419,.F.);
#4421=CARTESIAN_POINT('',(0.092050951590692,-0.088188976377953,0.034964337417464));
#4422=DIRECTION('',(0.345438542726518,0.0,-0.938441374407043));
#4423=VECTOR('',#4422,0.009988675363216);
#4424=LINE('',#4421,#4423);
#4425=EDGE_CURVE('',#2697,#4414,#4424,.T.);
#4426=ORIENTED_EDGE('',*,*,#4425,.F.);
#4427=EDGE_LOOP('',(#4396,#4397,#4403,#4404,#4412,#4420,#4426));
#4428=FACE_OUTER_BOUND('',#4427,.T.);
#4429=ADVANCED_FACE('',(#4428),#4395,.F.);
#4430=CARTESIAN_POINT('',(-0.106102362204724,-0.101181102362205,-0.003208661417323));
#4431=DIRECTION('',(-0.938441374407043,0.0,0.345438542726519));
#4432=DIRECTION('',(0.345438542726519,0.0,0.938441374407043));
#4433=AXIS2_PLACEMENT_3D('',#4430,#4431,#4432);
#4434=PLANE('',#4433);
#4435=ORIENTED_EDGE('',*,*,#3576,.F.);
#4436=CARTESIAN_POINT('',(-0.09550142505193,-0.1,0.025590551181102));
#4437=VERTEX_POINT('',#4436);
#4438=CARTESIAN_POINT('',(-0.09550142505193,-0.1,0.025590551181102));
#4439=DIRECTION('',(0.0,1.0,0.0));
#4440=VECTOR('',#4439,0.011811023622047);
#4441=LINE('',#4438,#4440);
#4442=EDGE_CURVE('',#4437,#3565,#4441,.T.);
#4443=ORIENTED_EDGE('',*,*,#4442,.F.);
#4444=CARTESIAN_POINT('',(-0.10492125984252,-0.1,-1.485359E-020));
#4445=DIRECTION('',(0.345438542726519,0.0,0.938441374407043));
#4446=VECTOR('',#4445,0.027269206025013);
#4447=LINE('',#4444,#4446);
#4448=EDGE_CURVE('',#4047,#4437,#4447,.T.);
#4449=ORIENTED_EDGE('',*,*,#4448,.F.);
#4450=ORIENTED_EDGE('',*,*,#4052,.F.);
#4451=CARTESIAN_POINT('',(-0.081299212598425,-0.076377952755906,0.064173228346457));
#4452=DIRECTION('',(-0.345438542726519,0.0,-0.938441374407042));
#4453=VECTOR('',#4452,0.068382778185803);
#4454=LINE('',#4451,#4453);
#4455=EDGE_CURVE('',#3524,#4039,#4454,.T.);
#4456=ORIENTED_EDGE('',*,*,#4455,.F.);
#4457=ORIENTED_EDGE('',*,*,#3529,.F.);
#4458=ORIENTED_EDGE('',*,*,#2734,.F.);
#4459=EDGE_LOOP('',(#4435,#4443,#4449,#4450,#4456,#4457,#4458));
#4460=FACE_OUTER_BOUND('',#4459,.T.);
#4461=ADVANCED_FACE('',(#4460),#4434,.F.);
#4462=CARTESIAN_POINT('',(-0.115413385826772,-0.076377952755906,-0.003208661417323));
#4463=DIRECTION('',(0.0,1.0,0.0));
#4464=DIRECTION('',(0.0,0.0,1.0));
#4465=AXIS2_PLACEMENT_3D('',#4462,#4463,#4464);
#4466=PLANE('',#4465);
#4467=ORIENTED_EDGE('',*,*,#4402,.T.);
#4468=ORIENTED_EDGE('',*,*,#3537,.T.);
#4469=ORIENTED_EDGE('',*,*,#4455,.T.);
#4470=ORIENTED_EDGE('',*,*,#4044,.F.);
#4471=EDGE_LOOP('',(#4467,#4468,#4469,#4470));
#4472=FACE_OUTER_BOUND('',#4471,.T.);
#4473=ADVANCED_FACE('',(#4472),#4466,.F.);
#4474=CARTESIAN_POINT('',(-0.16326626733008,-0.1,0.298877952755906));
#4475=DIRECTION('',(0.0,-1.0,0.0));
#4476=DIRECTION('',(0.0,0.0,-1.0));
#4477=AXIS2_PLACEMENT_3D('',#4474,#4475,#4476);
#4478=PLANE('',#4477);
#4479=ORIENTED_EDGE('',*,*,#4448,.T.);
#4480=CARTESIAN_POINT('',(-0.144291338582677,-0.1,0.025590551181102));
#4481=VERTEX_POINT('',#4480);
#4482=CARTESIAN_POINT('',(-0.09550142505193,-0.1,0.025590551181102));
#4483=DIRECTION('',(-1.0,0.0,0.0));
#4484=VECTOR('',#4483,0.048789913530747);
#4485=LINE('',#4482,#4484);
#4486=EDGE_CURVE('',#4437,#4481,#4485,.T.);
#4487=ORIENTED_EDGE('',*,*,#4486,.T.);
#4488=CARTESIAN_POINT('',(-0.144291338582677,-0.1,0.025590551181102));
#4489=DIRECTION('',(0.0,0.0,1.0));
#4490=VECTOR('',#4489,0.259055118110237);
#4491=LINE('',#4488,#4490);
#4492=EDGE_CURVE('',#4481,#3627,#4491,.T.);
#4493=ORIENTED_EDGE('',*,*,#4492,.T.);
#4494=ORIENTED_EDGE('',*,*,#3632,.T.);
#4495=CARTESIAN_POINT('',(-0.16003937007874,-0.1,0.0));
#4496=DIRECTION('',(0.0,0.0,1.0));
#4497=VECTOR('',#4496,0.284645669291339);
#4498=LINE('',#4495,#4497);
#4499=EDGE_CURVE('',#3954,#3619,#4498,.T.);
#4500=ORIENTED_EDGE('',*,*,#4499,.F.);
#4501=ORIENTED_EDGE('',*,*,#3959,.F.);
#4502=ORIENTED_EDGE('',*,*,#4058,.F.);
#4503=EDGE_LOOP('',(#4479,#4487,#4493,#4494,#4500,#4501,#4502));
#4504=FACE_OUTER_BOUND('',#4503,.T.);
#4505=ADVANCED_FACE('',(#4504),#4478,.T.);
#4506=CARTESIAN_POINT('',(-0.093061929375393,-0.100590551181102,0.025590551181102));
#4507=DIRECTION('',(0.0,0.0,-1.0));
#4508=DIRECTION('',(-1.0,0.0,0.0));
#4509=AXIS2_PLACEMENT_3D('',#4506,#4507,#4508);
#4510=PLANE('',#4509);
#4511=ORIENTED_EDGE('',*,*,#4442,.T.);
#4512=ORIENTED_EDGE('',*,*,#3570,.F.);
#4513=CARTESIAN_POINT('',(-0.144291338582677,-0.1,0.025590551181102));
#4514=DIRECTION('',(0.0,1.0,0.0));
#4515=VECTOR('',#4514,0.011811023622047);
#4516=LINE('',#4513,#4515);
#4517=EDGE_CURVE('',#4481,#3557,#4516,.T.);
#4518=ORIENTED_EDGE('',*,*,#4517,.F.);
#4519=ORIENTED_EDGE('',*,*,#4486,.F.);
#4520=EDGE_LOOP('',(#4511,#4512,#4518,#4519));
#4521=FACE_OUTER_BOUND('',#4520,.T.);
#4522=ADVANCED_FACE('',(#4521),#4510,.F.);
#4523=CARTESIAN_POINT('',(0.146730834259214,-0.100590551181102,0.025590551181102));
#4524=DIRECTION('',(0.0,0.0,-1.0));
#4525=DIRECTION('',(-1.0,0.0,0.0));
#4526=AXIS2_PLACEMENT_3D('',#4523,#4524,#4525);
#4527=PLANE('',#4526);
#4528=ORIENTED_EDGE('',*,*,#4419,.T.);
#4529=CARTESIAN_POINT('',(0.144291338582677,-0.1,0.025590551181102));
#4530=VERTEX_POINT('',#4529);
#4531=CARTESIAN_POINT('',(0.144291338582677,-0.1,0.025590551181102));
#4532=DIRECTION('',(-1.0,0.0,0.0));
#4533=VECTOR('',#4532,0.048789913530747);
#4534=LINE('',#4531,#4533);
#4535=EDGE_CURVE('',#4530,#4406,#4534,.T.);
#4536=ORIENTED_EDGE('',*,*,#4535,.F.);
#4537=CARTESIAN_POINT('',(0.144291338582677,-0.088188976377953,0.025590551181102));
#4538=VERTEX_POINT('',#4537);
#4539=CARTESIAN_POINT('',(0.144291338582677,-0.1,0.025590551181102));
#4540=DIRECTION('',(0.0,1.0,0.0));
#4541=VECTOR('',#4540,0.011811023622047);
#4542=LINE('',#4539,#4541);
#4543=EDGE_CURVE('',#4530,#4538,#4542,.T.);
#4544=ORIENTED_EDGE('',*,*,#4543,.T.);
#4545=CARTESIAN_POINT('',(0.09550142505193,-0.088188976377953,0.025590551181102));
#4546=DIRECTION('',(1.0,0.0,0.0));
#4547=VECTOR('',#4546,0.048789913530747);
#4548=LINE('',#4545,#4547);
#4549=EDGE_CURVE('',#4414,#4538,#4548,.T.);
#4550=ORIENTED_EDGE('',*,*,#4549,.F.);
#4551=EDGE_LOOP('',(#4528,#4536,#4544,#4550));
#4552=FACE_OUTER_BOUND('',#4551,.T.);
#4553=ADVANCED_FACE('',(#4552),#4527,.F.);
#4554=CARTESIAN_POINT('',(0.144291338582677,-0.100590551181102,0.297598425196851));
#4555=DIRECTION('',(1.0,0.0,0.0));
#4556=DIRECTION('',(0.0,0.0,-1.0));
#4557=AXIS2_PLACEMENT_3D('',#4554,#4555,#4556);
#4558=PLANE('',#4557);
#4559=CARTESIAN_POINT('',(0.144291338582677,-0.088188976377953,0.025590551181102));
#4560=DIRECTION('',(0.0,0.0,1.0));
#4561=VECTOR('',#4560,0.259055118110237);
#4562=LINE('',#4559,#4561);
#4563=EDGE_CURVE('',#4538,#2993,#4562,.T.);
#4564=ORIENTED_EDGE('',*,*,#4563,.F.);
#4565=ORIENTED_EDGE('',*,*,#4543,.F.);
#4566=CARTESIAN_POINT('',(0.144291338582677,-0.1,0.284645669291339));
#4567=VERTEX_POINT('',#4566);
#4568=CARTESIAN_POINT('',(0.144291338582677,-0.1,0.284645669291339));
#4569=DIRECTION('',(0.0,0.0,-1.0));
#4570=VECTOR('',#4569,0.259055118110237);
#4571=LINE('',#4568,#4570);
#4572=EDGE_CURVE('',#4567,#4530,#4571,.T.);
#4573=ORIENTED_EDGE('',*,*,#4572,.F.);
#4574=CARTESIAN_POINT('',(0.144291338582677,-0.098031496062992,0.284645669291339));
#4575=DIRECTION('',(0.0,-1.0,0.0));
#4576=VECTOR('',#4575,0.001968503937008);
#4577=LINE('',#4574,#4576);
#4578=EDGE_CURVE('',#3001,#4567,#4577,.T.);
#4579=ORIENTED_EDGE('',*,*,#4578,.F.);
#4580=ORIENTED_EDGE('',*,*,#3006,.F.);
#4581=EDGE_LOOP('',(#4564,#4565,#4573,#4579,#4580));
#4582=FACE_OUTER_BOUND('',#4581,.T.);
#4583=ADVANCED_FACE('',(#4582),#4558,.F.);
#4584=CARTESIAN_POINT('',(-0.144291338582677,-0.100590551181102,0.01263779527559));
#4585=DIRECTION('',(-1.0,0.0,0.0));
#4586=DIRECTION('',(0.0,0.0,1.0));
#4587=AXIS2_PLACEMENT_3D('',#4584,#4585,#4586);
#4588=PLANE('',#4587);
#4589=ORIENTED_EDGE('',*,*,#3562,.F.);
#4590=ORIENTED_EDGE('',*,*,#2980,.F.);
#4591=ORIENTED_EDGE('',*,*,#3638,.F.);
#4592=ORIENTED_EDGE('',*,*,#4492,.F.);
#4593=ORIENTED_EDGE('',*,*,#4517,.T.);
#4594=EDGE_LOOP('',(#4589,#4590,#4591,#4592,#4593));
#4595=FACE_OUTER_BOUND('',#4594,.T.);
#4596=ADVANCED_FACE('',(#4595),#4588,.F.);
#4597=CARTESIAN_POINT('',(0.089438932241093,-0.088188976377953,0.01263779527559));
#4598=DIRECTION('',(0.0,1.0,0.0));
#4599=DIRECTION('',(0.0,0.0,1.0));
#4600=AXIS2_PLACEMENT_3D('',#4597,#4598,#4599);
#4601=PLANE('',#4600);
#4602=ORIENTED_EDGE('',*,*,#3294,.T.);
#4603=ORIENTED_EDGE('',*,*,#4425,.T.);
#4604=ORIENTED_EDGE('',*,*,#4549,.T.);
#4605=ORIENTED_EDGE('',*,*,#4563,.T.);
#4606=ORIENTED_EDGE('',*,*,#2998,.F.);
#4607=ORIENTED_EDGE('',*,*,#3118,.T.);
#4608=EDGE_LOOP('',(#4602,#4603,#4604,#4605,#4606,#4607));
#4609=FACE_OUTER_BOUND('',#4608,.T.);
#4610=ADVANCED_FACE('',(#4609),#4601,.F.);
#4611=CARTESIAN_POINT('',(0.143503937007874,-0.10009842519685,0.284645669291339));
#4612=DIRECTION('',(0.0,0.0,1.0));
#4613=DIRECTION('',(1.0,0.0,0.0));
#4614=AXIS2_PLACEMENT_3D('',#4611,#4612,#4613);
#4615=PLANE('',#4614);
#4616=ORIENTED_EDGE('',*,*,#3061,.T.);
#4617=ORIENTED_EDGE('',*,*,#4578,.T.);
#4618=CARTESIAN_POINT('',(0.16003937007874,-0.1,0.284645669291339));
#4619=VERTEX_POINT('',#4618);
#4620=CARTESIAN_POINT('',(0.16003937007874,-0.1,0.284645669291339));
#4621=DIRECTION('',(-1.0,0.0,0.0));
#4622=VECTOR('',#4621,0.015748031496063);
#4623=LINE('',#4620,#4622);
#4624=EDGE_CURVE('',#4619,#4567,#4623,.T.);
#4625=ORIENTED_EDGE('',*,*,#4624,.F.);
#4626=CARTESIAN_POINT('',(0.16003937007874,-0.098031496062992,0.284645669291339));
#4627=DIRECTION('',(0.0,-1.0,0.0));
#4628=VECTOR('',#4627,0.001968503937008);
#4629=LINE('',#4626,#4628);
#4630=EDGE_CURVE('',#3056,#4619,#4629,.T.);
#4631=ORIENTED_EDGE('',*,*,#4630,.F.);
#4632=EDGE_LOOP('',(#4616,#4617,#4625,#4631));
#4633=FACE_OUTER_BOUND('',#4632,.T.);
#4634=ADVANCED_FACE('',(#4633),#4615,.T.);
#4635=CARTESIAN_POINT('',(-0.158070866141733,-0.1,0.291299212598425));
#4636=DIRECTION('',(0.0,-1.0,0.0));
#4637=DIRECTION('',(0.0,0.0,-1.0));
#4638=AXIS2_PLACEMENT_3D('',#4635,#4636,#4637);
#4639=PLANE('',#4638);
#4640=ORIENTED_EDGE('',*,*,#3045,.F.);
#4641=ORIENTED_EDGE('',*,*,#3151,.T.);
#4642=ORIENTED_EDGE('',*,*,#3372,.T.);
#4643=ORIENTED_EDGE('',*,*,#3493,.F.);
#4644=ORIENTED_EDGE('',*,*,#3303,.T.);
#4645=ORIENTED_EDGE('',*,*,#3104,.T.);
#4646=EDGE_LOOP('',(#4640,#4641,#4642,#4643,#4644,#4645));
#4647=FACE_OUTER_BOUND('',#4646,.T.);
#4648=ORIENTED_EDGE('',*,*,#4136,.F.);
#4649=ORIENTED_EDGE('',*,*,#2684,.T.);
#4650=ORIENTED_EDGE('',*,*,#3477,.T.);
#4651=ORIENTED_EDGE('',*,*,#3450,.T.);
#4652=EDGE_LOOP('',(#4648,#4649,#4650,#4651));
#4653=FACE_BOUND('',#4652,.T.);
#4654=ADVANCED_FACE('',(#4647,#4653),#4639,.T.);
#4655=CARTESIAN_POINT('',(0.16003937007874,-0.11,0.303011811023622));
#4656=DIRECTION('',(1.0,0.0,0.0));
#4657=DIRECTION('',(0.0,0.0,-1.0));
#4658=AXIS2_PLACEMENT_3D('',#4655,#4656,#4657);
#4659=PLANE('',#4658);
#4660=ORIENTED_EDGE('',*,*,#3655,.T.);
#4661=ORIENTED_EDGE('',*,*,#3211,.F.);
#4662=ORIENTED_EDGE('',*,*,#2646,.T.);
#4663=ORIENTED_EDGE('',*,*,#3068,.F.);
#4664=ORIENTED_EDGE('',*,*,#4630,.T.);
#4665=CARTESIAN_POINT('',(0.16003937007874,-0.1,0.0));
#4666=DIRECTION('',(0.0,0.0,1.0));
#4667=VECTOR('',#4666,0.284645669291339);
#4668=LINE('',#4665,#4667);
#4669=EDGE_CURVE('',#4000,#4619,#4668,.T.);
#4670=ORIENTED_EDGE('',*,*,#4669,.F.);
#4671=ORIENTED_EDGE('',*,*,#4005,.F.);
#4672=ORIENTED_EDGE('',*,*,#4111,.F.);
#4673=ORIENTED_EDGE('',*,*,#3942,.F.);
#4674=ORIENTED_EDGE('',*,*,#4384,.T.);
#4675=EDGE_LOOP('',(#4660,#4661,#4662,#4663,#4664,#4670,#4671,#4672,#4673,#4674));
#4676=FACE_OUTER_BOUND('',#4675,.T.);
#4677=ADVANCED_FACE('',(#4676),#4659,.T.);
#4678=CARTESIAN_POINT('',(0.092274527800589,-0.1,0.298877952755906));
#4679=DIRECTION('',(0.0,-1.0,0.0));
#4680=DIRECTION('',(0.0,0.0,-1.0));
#4681=AXIS2_PLACEMENT_3D('',#4678,#4679,#4680);
#4682=PLANE('',#4681);
#4683=ORIENTED_EDGE('',*,*,#4411,.T.);
#4684=ORIENTED_EDGE('',*,*,#4028,.F.);
#4685=ORIENTED_EDGE('',*,*,#4011,.F.);
#4686=ORIENTED_EDGE('',*,*,#4669,.T.);
#4687=ORIENTED_EDGE('',*,*,#4624,.T.);
#4688=ORIENTED_EDGE('',*,*,#4572,.T.);
#4689=ORIENTED_EDGE('',*,*,#4535,.T.);
#4690=EDGE_LOOP('',(#4683,#4684,#4685,#4686,#4687,#4688,#4689));
#4691=FACE_OUTER_BOUND('',#4690,.T.);
#4692=ADVANCED_FACE('',(#4691),#4682,.T.);
#4693=CARTESIAN_POINT('',(-0.16003937007874,-0.11,-0.014429133858268));
#4694=DIRECTION('',(-1.0,0.0,0.0));
#4695=DIRECTION('',(0.0,0.0,1.0));
#4696=AXIS2_PLACEMENT_3D('',#4693,#4694,#4695);
#4697=PLANE('',#4696);
#4698=ORIENTED_EDGE('',*,*,#3624,.T.);
#4699=ORIENTED_EDGE('',*,*,#3080,.F.);
#4700=ORIENTED_EDGE('',*,*,#2615,.T.);
#4701=ORIENTED_EDGE('',*,*,#3199,.F.);
#4702=ORIENTED_EDGE('',*,*,#3607,.T.);
#4703=CARTESIAN_POINT('',(-0.16003937007874,0.1,0.0));
#4704=DIRECTION('',(0.0,0.0,1.0));
#4705=VECTOR('',#4704,0.284645669291339);
#4706=LINE('',#4703,#4705);
#4707=EDGE_CURVE('',#3977,#3596,#4706,.T.);
#4708=ORIENTED_EDGE('',*,*,#4707,.F.);
#4709=ORIENTED_EDGE('',*,*,#3982,.F.);
#4710=ORIENTED_EDGE('',*,*,#4065,.F.);
#4711=ORIENTED_EDGE('',*,*,#3965,.F.);
#4712=ORIENTED_EDGE('',*,*,#4499,.T.);
#4713=EDGE_LOOP('',(#4698,#4699,#4700,#4701,#4702,#4708,#4709,#4710,#4711,#4712));
#4714=FACE_OUTER_BOUND('',#4713,.T.);
#4715=ADVANCED_FACE('',(#4714),#4697,.T.);
#4716=CARTESIAN_POINT('',(-0.16326626733008,0.1,-0.014232283464567));
#4717=DIRECTION('',(0.0,1.0,0.0));
#4718=DIRECTION('',(0.0,0.0,1.0));
#4719=AXIS2_PLACEMENT_3D('',#4716,#4717,#4718);
#4720=PLANE('',#4719);
#4721=ORIENTED_EDGE('',*,*,#4246,.T.);
#4722=ORIENTED_EDGE('',*,*,#4074,.F.);
#4723=ORIENTED_EDGE('',*,*,#3988,.F.);
#4724=ORIENTED_EDGE('',*,*,#4707,.T.);
#4725=ORIENTED_EDGE('',*,*,#3601,.T.);
#4726=ORIENTED_EDGE('',*,*,#4364,.T.);
#4727=ORIENTED_EDGE('',*,*,#4287,.T.);
#4728=EDGE_LOOP('',(#4721,#4722,#4723,#4724,#4725,#4726,#4727));
#4729=FACE_OUTER_BOUND('',#4728,.T.);
#4730=ADVANCED_FACE('',(#4729),#4720,.T.);
#4731=CLOSED_SHELL('',(#194,#227,#258,#291,#322,#362,#395,#426,#459,#490,#521,#552,#583,#614,#654,#687,#718,#751,#782,#813,#844,#938,#970,#1022,#1108,#1235,#1274,#1375,#1430,#1540,#1616,#1736,#1780,#1868,#1891,#1914,#1937,#1960,#1983,#2003,#2023,#2045,#2065,#2085,#2110,#2135,#2148,#2221,#2241,#2250,#2278,#2303,#2328,#2414,#2433,#2466,#2490,#2514,#2532,#2555,#2582,#2594,#2625,#2656,#2688,#2744,#2776,#2808,#2864,#2904,#2944,#2984,#3024,#3091,#3123,#3155,#3222,#3254,#3284,#3314,#3353,#3383,#3406,#3428,#3460,#3482,#3499,#3516,#3547,#3580,#3611,#3642,#3673,#3706,#3739,#3756,#3785,#3802,#3831,#3848,#3877,#3894,#3923,#3946,#3969,#3992,#4015,#4125,#4142,#4159,#4179,#4218,#4257,#4274,#4298,#4310,#4334,#4352,#4370,#4390,#4429,#4461,#4473,#4505,#4522,#4553,#4583,#4596,#4610,#4634,#4654,#4677,#4692,#4715,#4730));
#4732=CARTESIAN_POINT('',(-0.154389763779527,-0.06496062992126,0.036614173228346));
#4733=DIRECTION('',(0.0,0.0,1.0));
#4734=DIRECTION('',(1.0,0.0,0.0));
#4735=AXIS2_PLACEMENT_3D('',#4732,#4733,#4734);
#4736=PLANE('',#4735);
#4737=CARTESIAN_POINT('',(0.140354330708661,-0.059055118110236,0.036614173228347));
#4738=VERTEX_POINT('',#4737);
#4739=CARTESIAN_POINT('',(0.140354330708661,0.059055118110236,0.036614173228347));
#4740=VERTEX_POINT('',#4739);
#4741=CARTESIAN_POINT('',(0.140354330708661,-0.059055118110236,0.036614173228347));
#4742=DIRECTION('',(0.0,1.0,0.0));
#4743=VECTOR('',#4742,0.118110236220472);
#4744=LINE('',#4741,#4743);
#4745=EDGE_CURVE('',#4738,#4740,#4744,.T.);
#4746=ORIENTED_EDGE('',*,*,#4745,.T.);
#4747=CARTESIAN_POINT('',(-0.140354330708661,0.059055118110236,0.036614173228347));
#4748=VERTEX_POINT('',#4747);
#4749=CARTESIAN_POINT('',(0.140354330708661,0.059055118110236,0.036614173228347));
#4750=DIRECTION('',(-1.0,0.0,0.0));
#4751=VECTOR('',#4750,0.280708661417322);
#4752=LINE('',#4749,#4751);
#4753=EDGE_CURVE('',#4740,#4748,#4752,.T.);
#4754=ORIENTED_EDGE('',*,*,#4753,.T.);
#4755=CARTESIAN_POINT('',(-0.140354330708661,-0.059055118110236,0.036614173228347));
#4756=VERTEX_POINT('',#4755);
#4757=CARTESIAN_POINT('',(-0.140354330708661,0.059055118110236,0.036614173228347));
#4758=DIRECTION('',(0.0,-1.0,0.0));
#4759=VECTOR('',#4758,0.118110236220472);
#4760=LINE('',#4757,#4759);
#4761=EDGE_CURVE('',#4748,#4756,#4760,.T.);
#4762=ORIENTED_EDGE('',*,*,#4761,.T.);
#4763=CARTESIAN_POINT('',(-0.140354330708661,-0.059055118110236,0.036614173228347));
#4764=DIRECTION('',(1.0,0.0,0.0));
#4765=VECTOR('',#4764,0.280708661417322);
#4766=LINE('',#4763,#4765);
#4767=EDGE_CURVE('',#4756,#4738,#4766,.T.);
#4768=ORIENTED_EDGE('',*,*,#4767,.T.);
#4769=EDGE_LOOP('',(#4746,#4754,#4762,#4768));
#4770=FACE_OUTER_BOUND('',#4769,.T.);
#4771=ADVANCED_FACE('',(#4770),#4736,.T.);
#4772=CARTESIAN_POINT('',(-0.154389763779527,-0.059055118110236,0.297047244094489));
#4773=DIRECTION('',(0.0,-1.0,0.0));
#4774=DIRECTION('',(0.0,0.0,-1.0));
#4775=AXIS2_PLACEMENT_3D('',#4772,#4773,#4774);
#4776=PLANE('',#4775);
#4777=ORIENTED_EDGE('',*,*,#4767,.F.);
#4778=CARTESIAN_POINT('',(-0.140354330708661,-0.059055118110236,0.284645669291339));
#4779=VERTEX_POINT('',#4778);
#4780=CARTESIAN_POINT('',(-0.140354330708661,-0.059055118110236,0.284645669291339));
#4781=DIRECTION('',(0.0,0.0,-1.0));
#4782=VECTOR('',#4781,0.248031496062992);
#4783=LINE('',#4780,#4782);
#4784=EDGE_CURVE('',#4779,#4756,#4783,.T.);
#4785=ORIENTED_EDGE('',*,*,#4784,.F.);
#4786=CARTESIAN_POINT('',(0.140354330708661,-0.059055118110236,0.284645669291339));
#4787=VERTEX_POINT('',#4786);
#4788=CARTESIAN_POINT('',(0.140354330708661,-0.059055118110236,0.284645669291339));
#4789=DIRECTION('',(-1.0,0.0,0.0));
#4790=VECTOR('',#4789,0.280708661417322);
#4791=LINE('',#4788,#4790);
#4792=EDGE_CURVE('',#4787,#4779,#4791,.T.);
#4793=ORIENTED_EDGE('',*,*,#4792,.F.);
#4794=CARTESIAN_POINT('',(0.140354330708661,-0.059055118110236,0.284645669291339));
#4795=DIRECTION('',(0.0,0.0,-1.0));
#4796=VECTOR('',#4795,0.248031496062992);
#4797=LINE('',#4794,#4796);
#4798=EDGE_CURVE('',#4787,#4738,#4797,.T.);
#4799=ORIENTED_EDGE('',*,*,#4798,.T.);
#4800=EDGE_LOOP('',(#4777,#4785,#4793,#4799));
#4801=FACE_OUTER_BOUND('',#4800,.T.);
#4802=ADVANCED_FACE('',(#4801),#4776,.F.);
#4803=CARTESIAN_POINT('',(-0.140354330708661,-0.06496062992126,0.024212598425196));
#4804=DIRECTION('',(-1.0,0.0,0.0));
#4805=DIRECTION('',(0.0,0.0,1.0));
#4806=AXIS2_PLACEMENT_3D('',#4803,#4804,#4805);
#4807=PLANE('',#4806);
#4808=ORIENTED_EDGE('',*,*,#4761,.F.);
#4809=CARTESIAN_POINT('',(-0.140354330708661,0.059055118110236,0.284645669291339));
#4810=VERTEX_POINT('',#4809);
#4811=CARTESIAN_POINT('',(-0.140354330708661,0.059055118110236,0.284645669291339));
#4812=DIRECTION('',(0.0,0.0,-1.0));
#4813=VECTOR('',#4812,0.248031496062992);
#4814=LINE('',#4811,#4813);
#4815=EDGE_CURVE('',#4810,#4748,#4814,.T.);
#4816=ORIENTED_EDGE('',*,*,#4815,.F.);
#4817=CARTESIAN_POINT('',(-0.140354330708661,-0.059055118110236,0.284645669291339));
#4818=DIRECTION('',(0.0,1.0,0.0));
#4819=VECTOR('',#4818,0.118110236220472);
#4820=LINE('',#4817,#4819);
#4821=EDGE_CURVE('',#4779,#4810,#4820,.T.);
#4822=ORIENTED_EDGE('',*,*,#4821,.F.);
#4823=ORIENTED_EDGE('',*,*,#4784,.T.);
#4824=EDGE_LOOP('',(#4808,#4816,#4822,#4823));
#4825=FACE_OUTER_BOUND('',#4824,.T.);
#4826=ADVANCED_FACE('',(#4825),#4807,.F.);
#4827=CARTESIAN_POINT('',(-0.154389763779527,0.059055118110236,0.024212598425196));
#4828=DIRECTION('',(0.0,1.0,0.0));
#4829=DIRECTION('',(0.0,0.0,1.0));
#4830=AXIS2_PLACEMENT_3D('',#4827,#4828,#4829);
#4831=PLANE('',#4830);
#4832=ORIENTED_EDGE('',*,*,#4753,.F.);
#4833=CARTESIAN_POINT('',(0.140354330708661,0.059055118110236,0.284645669291339));
#4834=VERTEX_POINT('',#4833);
#4835=CARTESIAN_POINT('',(0.140354330708661,0.059055118110236,0.284645669291339));
#4836=DIRECTION('',(0.0,0.0,-1.0));
#4837=VECTOR('',#4836,0.248031496062992);
#4838=LINE('',#4835,#4837);
#4839=EDGE_CURVE('',#4834,#4740,#4838,.T.);
#4840=ORIENTED_EDGE('',*,*,#4839,.F.);
#4841=CARTESIAN_POINT('',(-0.140354330708661,0.059055118110236,0.284645669291339));
#4842=DIRECTION('',(1.0,0.0,0.0));
#4843=VECTOR('',#4842,0.280708661417322);
#4844=LINE('',#4841,#4843);
#4845=EDGE_CURVE('',#4810,#4834,#4844,.T.);
#4846=ORIENTED_EDGE('',*,*,#4845,.F.);
#4847=ORIENTED_EDGE('',*,*,#4815,.T.);
#4848=EDGE_LOOP('',(#4832,#4840,#4846,#4847));
#4849=FACE_OUTER_BOUND('',#4848,.T.);
#4850=ADVANCED_FACE('',(#4849),#4831,.F.);
#4851=CARTESIAN_POINT('',(0.140354330708661,-0.06496062992126,0.297047244094489));
#4852=DIRECTION('',(1.0,0.0,0.0));
#4853=DIRECTION('',(0.0,0.0,-1.0));
#4854=AXIS2_PLACEMENT_3D('',#4851,#4852,#4853);
#4855=PLANE('',#4854);
#4856=ORIENTED_EDGE('',*,*,#4745,.F.);
#4857=ORIENTED_EDGE('',*,*,#4798,.F.);
#4858=CARTESIAN_POINT('',(0.140354330708661,0.059055118110236,0.284645669291339));
#4859=DIRECTION('',(0.0,-1.0,0.0));
#4860=VECTOR('',#4859,0.118110236220472);
#4861=LINE('',#4858,#4860);
#4862=EDGE_CURVE('',#4834,#4787,#4861,.T.);
#4863=ORIENTED_EDGE('',*,*,#4862,.F.);
#4864=ORIENTED_EDGE('',*,*,#4839,.T.);
#4865=EDGE_LOOP('',(#4856,#4857,#4863,#4864));
#4866=FACE_OUTER_BOUND('',#4865,.T.);
#4867=ADVANCED_FACE('',(#4866),#4855,.F.);
#4868=CARTESIAN_POINT('',(0.154389763779527,0.06496062992126,0.284645669291339));
#4869=DIRECTION('',(0.0,0.0,1.0));
#4870=DIRECTION('',(1.0,0.0,0.0));
#4871=AXIS2_PLACEMENT_3D('',#4868,#4869,#4870);
#4872=PLANE('',#4871);
#4873=ORIENTED_EDGE('',*,*,#4862,.T.);
#4874=ORIENTED_EDGE('',*,*,#4792,.T.);
#4875=ORIENTED_EDGE('',*,*,#4821,.T.);
#4876=ORIENTED_EDGE('',*,*,#4845,.T.);
#4877=EDGE_LOOP('',(#4873,#4874,#4875,#4876));
#4878=FACE_OUTER_BOUND('',#4877,.T.);
#4879=ADVANCED_FACE('',(#4878),#4872,.F.);
#4880=CLOSED_SHELL('',(#4771,#4802,#4826,#4850,#4867,#4879));
#4881=ORIENTED_CLOSED_SHELL('',*,#4880,.F.);
#4882=BREP_WITH_VOIDS('',#4731,(#4881));
#4883=COLOUR_RGB('',0.75,0.75,0.75);
#4884=FILL_AREA_STYLE_COLOUR('',#4883);
#4885=FILL_AREA_STYLE('',(#4884));
#4886=SURFACE_STYLE_FILL_AREA(#4885);
#4887=SURFACE_SIDE_STYLE('',(#4886));
#4888=SURFACE_STYLE_USAGE(.BOTH.,#4887);
#4889=PRESENTATION_STYLE_ASSIGNMENT((#4888));
#4890=STYLED_ITEM('',(#4889),#4882);
#4891=MECHANICAL_DESIGN_GEOMETRIC_PRESENTATION_REPRESENTATION('',(#4890),#123);
#4892=ADVANCED_BREP_SHAPE_REPRESENTATION('ABSR',(#4882),#123);
#4893=SHAPE_REPRESENTATION_RELATIONSHIP('SRR','None',#4892,#128);
ENDSEC;
END-ISO-10303-21;
